img/auh.old/0/auh-0001.png,1178,1667,0.706659
img/auh.old/0/auh-0002.png,1179,1667,0.707259
img/auh.old/0/auh-0003.png,1158,1668,0.694245
img/auh.old/0/auh-0004.png,1159,1669,0.694428
img/auh.old/0/auh-0005.png,1159,1668,0.694844
img/auh.old/0/auh-0006.png,1157,1668,0.693645
img/auh.old/0/auh-0007.png,1158,1668,0.694245
img/auh.old/0/auh-0008.png,1161,1668,0.696043
img/auh.old/0/auh-0009.png,1160,1668,0.695444
img/auh.old/0/auh-0010.png,1164,1669,0.697424
img/auh.old/0/auh-0011.png,1165,1669,0.698023
img/auh.old/0/auh-0012.png,1155,1668,0.692446
img/auh.old/0/auh-0013.png,1154,1669,0.691432
img/auh.old/0/auh-0014.png,1156,1668,0.693046
img/auh.old/0/auh-0015.png,1155,1668,0.692446
img/auh.old/0/auh-0016.png,1159,1669,0.694428
img/auh.old/0/auh-0017.png,1158,1669,0.693829
img/auh.old/0/auh-0018.png,1158,1670,0.693413
img/auh.old/0/auh-0019.png,1161,1667,0.696461
img/auh.old/0/auh-0020.png,1162,1668,0.696643
img/auh.old/0/auh-0021.png,1166,1671,0.697786
img/auh.old/0/auh-0022.png,1166,1669,0.698622
img/auh.old/0/auh-0023.png,1159,1669,0.694428
img/auh.old/0/auh-0024.png,1158,1669,0.693829
img/auh.old/0/auh-0025.png,1160,1669,0.695027
img/auh.old/0/auh-0026.png,1159,1669,0.694428
img/auh.old/0/auh-0027.png,1157,1669,0.693229
img/auh.old/0/auh-0028.png,1157,1669,0.693229
img/auh.old/0/auh-0029.png,1152,1669,0.690234
img/auh.old/0/auh-0030.png,1153,1669,0.690833
img/auh.old/0/auh-0031.png,1152,1667,0.691062
img/auh.old/0/auh-0032.png,1151,1667,0.690462
img/auh.old/0/auh-0033.png,1158,1668,0.694245
img/auh.old/0/auh-0034.png,1161,1669,0.695626
img/auh.old/0/auh-0035.png,1160,1669,0.695027
img/auh.old/0/auh-0036.png,1164,1670,0.697006
img/auh.old/0/auh-0037.png,1166,1669,0.698622
img/auh.old/0/auh-0038.png,1162,1670,0.695808
img/auh.old/0/auh-0039.png,1159,1669,0.694428
img/auh.old/0/auh-0040.png,1164,1669,0.697424
img/auh.old/0/auh-0041.png,1165,1669,0.698023
img/auh.old/0/auh-0042.png,1156,1669,0.69263
img/auh.old/0/auh-0043.png,1155,1669,0.692031
img/auh.old/0/auh-0044.png,1157,1668,0.693645
img/auh.old/0/auh-0045.png,1158,1668,0.694245
img/auh.old/0/auh-0046.png,1157,1669,0.693229
img/auh.old/0/auh-0047.png,1157,1669,0.693229
img/auh.old/0/auh-0048.png,1162,1670,0.695808
img/auh.old/0/auh-0049.png,1162,1670,0.695808
img/auh.old/0/auh-0050.png,1157,1669,0.693229
img/auh.old/0/auh-0051.png,1158,1670,0.693413
img/auh.old/0/auh-0052.png,1153,1670,0.690419
img/auh.old/0/auh-0053.png,1154,1669,0.691432
img/auh.old/0/auh-0054.png,1163,1670,0.696407
img/auh.old/0/auh-0055.png,1164,1670,0.697006
img/auh.old/0/auh-0056.png,1155,1670,0.691617
img/auh.old/0/auh-0057.png,1155,1669,0.692031
img/auh.old/0/auh-0058.png,1165,1670,0.697605
img/auh.old/0/auh-0059.png,1165,1670,0.697605
img/auh.old/0/auh-0060.png,1159,1669,0.694428
img/auh.old/0/auh-0061.png,1161,1669,0.695626
img/auh.old/0/auh-0062.png,1165,1669,0.698023
img/auh.old/0/auh-0063.png,1166,1669,0.698622
img/auh.old/0/auh-0064.png,1166,1669,0.698622
img/auh.old/0/auh-0065.png,1166,1669,0.698622
img/auh.old/0/auh-0066.png,1168,1669,0.69982
img/auh.old/0/auh-0067.png,1167,1669,0.699221
img/auh.old/0/auh-0068.png,1168,1671,0.698983
img/auh.old/0/auh-0069.png,1167,1671,0.698384
img/auh.old/0/auh-0070.png,1166,1670,0.698204
img/auh.old/0/auh-0071.png,1165,1670,0.697605
img/auh.old/0/auh-0072.png,1167,1670,0.698802
img/auh.old/0/auh-0073.png,1167,1669,0.699221
img/auh.old/0/auh-0074.png,1165,1670,0.697605
img/auh.old/0/auh-0075.png,1167,1670,0.698802
img/auh.old/0/auh-0076.png,1166,1671,0.697786
img/auh.old/0/auh-0077.png,1167,1670,0.698802
img/auh.old/0/auh-0078.png,1166,1669,0.698622
img/auh.old/0/auh-0079.png,1166,1670,0.698204
img/auh.old/0/auh-0080.png,1166,1673,0.696952
img/auh.old/0/auh-0081.png,1165,1670,0.697605
img/auh.old/0/auh-0082.png,1158,1669,0.693829
img/auh.old/0/auh-0083.png,1157,1669,0.693229
img/auh.old/0/auh-0084.png,1157,1669,0.693229
img/auh.old/0/auh-0085.png,1159,1669,0.694428
img/auh.old/0/auh-0086.png,1156,1669,0.69263
img/auh.old/0/auh-0087.png,1155,1668,0.692446
img/auh.old/0/auh-0088.png,1158,1670,0.693413
img/auh.old/0/auh-0089.png,1160,1670,0.694611
img/auh.old/0/auh-0090.png,1157,1670,0.692814
img/auh.old/0/auh-0091.png,1156,1669,0.69263
img/auh.old/0/auh-0092.png,1155,1671,0.691203
img/auh.old/0/auh-0093.png,1154,1669,0.691432
img/auh.old/0/auh-0094.png,1158,1669,0.693829
img/auh.old/0/auh-0095.png,1159,1669,0.694428
img/auh.old/0/auh-0096.png,1166,1670,0.698204
img/auh.old/0/auh-0097.png,1166,1670,0.698204
img/auh.old/0/auh-0098.png,1161,1669,0.695626
img/auh.old/0/auh-0099.png,1161,1669,0.695626
img/auh.old/10/auh-1000.png,1175,1670,0.703593
img/auh.old/10/auh-1001.png,1172,1669,0.702217
img/auh.old/10/auh-1002.png,1175,1669,0.704014
img/auh.old/10/auh-1003.png,1172,1669,0.702217
img/auh.old/10/auh-1004.png,1175,1669,0.704014
img/auh.old/10/auh-1005.png,1172,1669,0.702217
img/auh.old/10/auh-1006.png,1175,1669,0.704014
img/auh.old/10/auh-1007.png,1171,1669,0.701618
img/auh.old/10/auh-1008.png,1175,1669,0.704014
img/auh.old/10/auh-1009.png,1172,1669,0.702217
img/auh.old/10/auh-1010.png,1175,1669,0.704014
img/auh.old/10/auh-1011.png,1173,1669,0.702816
img/auh.old/10/auh-1012.png,1175,1670,0.703593
img/auh.old/10/auh-1013.png,1174,1670,0.702994
img/auh.old/10/auh-1014.png,1175,1670,0.703593
img/auh.old/10/auh-1015.png,1175,1669,0.704014
img/auh.old/10/auh-1016.png,1179,1671,0.705566
img/auh.old/10/auh-1017.png,1174,1671,0.702573
img/auh.old/10/auh-1018.png,1176,1669,0.704614
img/auh.old/10/auh-1019.png,1174,1669,0.703415
img/auh.old/10/auh-1020.png,1175,1670,0.703593
img/auh.old/10/auh-1021.png,1173,1670,0.702395
img/auh.old/10/auh-1022.png,1176,1669,0.704614
img/auh.old/10/auh-1023.png,1174,1669,0.703415
img/auh.old/10/auh-1024.png,1175,1671,0.703172
img/auh.old/10/auh-1025.png,1174,1672,0.702153
img/auh.old/10/auh-1026.png,1175,1669,0.704014
img/auh.old/10/auh-1027.png,1173,1669,0.702816
img/auh.old/10/auh-1028.png,1174,1669,0.703415
img/auh.old/10/auh-1029.png,1172,1669,0.702217
img/auh.old/10/auh-1030.png,1175,1669,0.704014
img/auh.old/10/auh-1031.png,1172,1669,0.702217
img/auh.old/10/auh-1032.png,1175,1670,0.703593
img/auh.old/10/auh-1033.png,1174,1670,0.702994
img/auh.old/10/auh-1034.png,1174,1670,0.702994
img/auh.old/10/auh-1035.png,1173,1669,0.702816
img/auh.old/10/auh-1036.png,1175,1669,0.704014
img/auh.old/10/auh-1037.png,1174,1669,0.703415
img/auh.old/10/auh-1038.png,1173,1670,0.702395
img/auh.old/10/auh-1039.png,1172,1670,0.701796
img/auh.old/10/auh-1040.png,1175,1669,0.704014
img/auh.old/10/auh-1041.png,1172,1669,0.702217
img/auh.old/10/auh-1042.png,1176,1671,0.70377
img/auh.old/10/auh-1043.png,1174,1670,0.702994
img/auh.old/10/auh-1044.png,1173,1670,0.702395
img/auh.old/10/auh-1045.png,1172,1670,0.701796
img/auh.old/10/auh-1046.png,1175,1667,0.704859
img/auh.old/10/auh-1047.png,1174,1667,0.704259
img/auh.old/10/auh-1048.png,1175,1669,0.704014
img/auh.old/10/auh-1049.png,1172,1669,0.702217
img/auh.old/10/auh-1050.png,1175,1669,0.704014
img/auh.old/10/auh-1051.png,1173,1669,0.702816
img/auh.old/10/auh-1052.png,1174,1669,0.703415
img/auh.old/10/auh-1053.png,1172,1669,0.702217
img/auh.old/10/auh-1054.png,1177,1670,0.70479
img/auh.old/10/auh-1055.png,1172,1670,0.701796
img/auh.old/10/auh-1056.png,1175,1669,0.704014
img/auh.old/10/auh-1057.png,1173,1669,0.702816
img/auh.old/10/auh-1058.png,1174,1669,0.703415
img/auh.old/10/auh-1059.png,1173,1669,0.702816
img/auh.old/10/auh-1060.png,1175,1669,0.704014
img/auh.old/10/auh-1061.png,1173,1669,0.702816
img/auh.old/10/auh-1062.png,1174,1669,0.703415
img/auh.old/10/auh-1063.png,1172,1669,0.702217
img/auh.old/10/auh-1064.png,1175,1669,0.704014
img/auh.old/10/auh-1065.png,1171,1669,0.701618
img/auh.old/10/auh-1066.png,1174,1670,0.702994
img/auh.old/10/auh-1067.png,1173,1669,0.702816
img/auh.old/10/auh-1068.png,1173,1669,0.702816
img/auh.old/10/auh-1069.png,1171,1669,0.701618
img/auh.old/10/auh-1070.png,1173,1670,0.702395
img/auh.old/10/auh-1071.png,1171,1669,0.701618
img/auh.old/10/auh-1072.png,1173,1668,0.703237
img/auh.old/10/auh-1073.png,1171,1667,0.70246
img/auh.old/10/auh-1074.png,1173,1669,0.702816
img/auh.old/10/auh-1075.png,1171,1669,0.701618
img/auh.old/10/auh-1076.png,1173,1670,0.702395
img/auh.old/10/auh-1077.png,1170,1670,0.700599
img/auh.old/10/auh-1078.png,1173,1669,0.702816
img/auh.old/10/auh-1079.png,1170,1668,0.701439
img/auh.old/10/auh-1080.png,1173,1669,0.702816
img/auh.old/10/auh-1081.png,1171,1669,0.701618
img/auh.old/10/auh-1082.png,1173,1671,0.701975
img/auh.old/10/auh-1083.png,1171,1669,0.701618
img/auh.old/10/auh-1084.png,1173,1670,0.702395
img/auh.old/10/auh-1085.png,1172,1669,0.702217
img/auh.old/10/auh-1086.png,1176,1669,0.704614
img/auh.old/10/auh-1087.png,1171,1669,0.701618
img/auh.old/10/auh-1088.png,1174,1669,0.703415
img/auh.old/10/auh-1089.png,1172,1668,0.702638
img/auh.old/10/auh-1090.png,1176,1669,0.704614
img/auh.old/10/auh-1091.png,1172,1669,0.702217
img/auh.old/10/auh-1092.png,1173,1670,0.702395
img/auh.old/10/auh-1093.png,1171,1669,0.701618
img/auh.old/10/auh-1094.png,1173,1669,0.702816
img/auh.old/10/auh-1095.png,1172,1668,0.702638
img/auh.old/10/auh-1096.png,1174,1670,0.702994
img/auh.old/10/auh-1097.png,1172,1669,0.702217
img/auh.old/10/auh-1098.png,1174,1669,0.703415
img/auh.old/10/auh-1099.png,1171,1669,0.701618
img/auh.old/11/auh-1100.png,1175,1667,0.704859
img/auh.old/11/auh-1101.png,1174,1667,0.704259
img/auh.old/11/auh-1102.png,1177,1669,0.705213
img/auh.old/11/auh-1103.png,1173,1669,0.702816
img/auh.old/11/auh-1104.png,1174,1669,0.703415
img/auh.old/11/auh-1105.png,1172,1669,0.702217
img/auh.old/11/auh-1106.png,1173,1669,0.702816
img/auh.old/11/auh-1107.png,1173,1669,0.702816
img/auh.old/11/auh-1108.png,1174,1669,0.703415
img/auh.old/11/auh-1109.png,1172,1669,0.702217
img/auh.old/11/auh-1110.png,1176,1670,0.704192
img/auh.old/11/auh-1111.png,1174,1670,0.702994
img/auh.old/11/auh-1112.png,1173,1668,0.703237
img/auh.old/11/auh-1113.png,1173,1668,0.703237
img/auh.old/11/auh-1114.png,1175,1671,0.703172
img/auh.old/11/auh-1115.png,1174,1669,0.703415
img/auh.old/11/auh-1116.png,1173,1669,0.702816
img/auh.old/11/auh-1117.png,1172,1668,0.702638
img/auh.old/11/auh-1118.png,1176,1669,0.704614
img/auh.old/11/auh-1119.png,1175,1669,0.704014
img/auh.old/11/auh-1120.png,1176,1669,0.704614
img/auh.old/11/auh-1121.png,1174,1669,0.703415
img/auh.old/11/auh-1122.png,1175,1669,0.704014
img/auh.old/11/auh-1123.png,1173,1669,0.702816
img/auh.old/11/auh-1124.png,1173,1669,0.702816
img/auh.old/11/auh-1125.png,1173,1669,0.702816
img/auh.old/11/auh-1126.png,1175,1669,0.704014
img/auh.old/11/auh-1127.png,1174,1669,0.703415
img/auh.old/11/auh-1128.png,1174,1669,0.703415
img/auh.old/11/auh-1129.png,1173,1668,0.703237
img/auh.old/11/auh-1130.png,1176,1669,0.704614
img/auh.old/11/auh-1131.png,1174,1669,0.703415
img/auh.old/11/auh-1132.png,1175,1669,0.704014
img/auh.old/11/auh-1133.png,1174,1669,0.703415
img/auh.old/11/auh-1134.png,1173,1668,0.703237
img/auh.old/11/auh-1135.png,1172,1667,0.703059
img/auh.old/11/auh-1136.png,1175,1667,0.704859
img/auh.old/11/auh-1137.png,1173,1667,0.703659
img/auh.old/11/auh-1138.png,1174,1669,0.703415
img/auh.old/11/auh-1139.png,1174,1667,0.704259
img/auh.old/11/auh-1140.png,1173,1666,0.704082
img/auh.old/11/auh-1141.png,1173,1666,0.704082
img/auh.old/11/auh-1142.png,1172,1669,0.702217
img/auh.old/11/auh-1143.png,1172,1669,0.702217
img/auh.old/11/auh-1144.png,1173,1669,0.702816
img/auh.old/11/auh-1145.png,1172,1669,0.702217
img/auh.old/11/auh-1146.png,1175,1668,0.704436
img/auh.old/11/auh-1147.png,1173,1668,0.703237
img/auh.old/11/auh-1148.png,1175,1669,0.704014
img/auh.old/11/auh-1149.png,1173,1669,0.702816
img/auh.old/11/auh-1150.png,1175,1669,0.704014
img/auh.old/11/auh-1151.png,1173,1669,0.702816
img/auh.old/11/auh-1152.png,1174,1669,0.703415
img/auh.old/11/auh-1153.png,1173,1669,0.702816
img/auh.old/11/auh-1154.png,1174,1669,0.703415
img/auh.old/11/auh-1155.png,1173,1669,0.702816
img/auh.old/11/auh-1156.png,1174,1669,0.703415
img/auh.old/11/auh-1157.png,1173,1669,0.702816
img/auh.old/11/auh-1158.png,1175,1668,0.704436
img/auh.old/11/auh-1159.png,1173,1668,0.703237
img/auh.old/11/auh-1160.png,1174,1668,0.703837
img/auh.old/11/auh-1161.png,1173,1667,0.703659
img/auh.old/11/auh-1162.png,1174,1668,0.703837
img/auh.old/11/auh-1163.png,1173,1668,0.703237
img/auh.old/11/auh-1164.png,1175,1669,0.704014
img/auh.old/11/auh-1165.png,1173,1668,0.703237
img/auh.old/11/auh-1166.png,1175,1668,0.704436
img/auh.old/11/auh-1167.png,1173,1666,0.704082
img/auh.old/11/auh-1168.png,1174,1669,0.703415
img/auh.old/11/auh-1169.png,1172,1669,0.702217
img/auh.old/11/auh-1170.png,1175,1669,0.704014
img/auh.old/11/auh-1171.png,1173,1668,0.703237
img/auh.old/11/auh-1172.png,1174,1669,0.703415
img/auh.old/11/auh-1173.png,1173,1669,0.702816
img/auh.old/11/auh-1174.png,1174,1669,0.703415
img/auh.old/11/auh-1175.png,1172,1669,0.702217
img/auh.old/11/auh-1176.png,1174,1670,0.702994
img/auh.old/11/auh-1177.png,1172,1669,0.702217
img/auh.old/11/auh-1178.png,1175,1669,0.704014
img/auh.old/11/auh-1179.png,1173,1669,0.702816
img/auh.old/11/auh-1180.png,1174,1669,0.703415
img/auh.old/11/auh-1181.png,1172,1669,0.702217
img/auh.old/11/auh-1182.png,1174,1669,0.703415
img/auh.old/11/auh-1183.png,1173,1669,0.702816
img/auh.old/11/auh-1184.png,1175,1669,0.704014
img/auh.old/11/auh-1185.png,1174,1669,0.703415
img/auh.old/11/auh-1186.png,1174,1668,0.703837
img/auh.old/11/auh-1187.png,1172,1668,0.702638
img/auh.old/11/auh-1188.png,1174,1669,0.703415
img/auh.old/11/auh-1189.png,1172,1667,0.703059
img/auh.old/11/auh-1190.png,1173,1670,0.702395
img/auh.old/11/auh-1191.png,1173,1669,0.702816
img/auh.old/11/auh-1192.png,1175,1670,0.703593
img/auh.old/11/auh-1193.png,1173,1669,0.702816
img/auh.old/11/auh-1194.png,1173,1669,0.702816
img/auh.old/11/auh-1195.png,1172,1669,0.702217
img/auh.old/11/auh-1196.png,1175,1669,0.704014
img/auh.old/11/auh-1197.png,1173,1668,0.703237
img/auh.old/11/auh-1198.png,1174,1669,0.703415
img/auh.old/11/auh-1199.png,1173,1668,0.703237
img/auh.old/12/auh-1200.png,1177,1669,0.705213
img/auh.old/12/auh-1201.png,1174,1669,0.703415
img/auh.old/12/auh-1202.png,1174,1669,0.703415
img/auh.old/12/auh-1203.png,1172,1667,0.703059
img/auh.old/12/auh-1204.png,1174,1669,0.703415
img/auh.old/12/auh-1205.png,1172,1668,0.702638
img/auh.old/12/auh-1206.png,1174,1668,0.703837
img/auh.old/12/auh-1207.png,1172,1668,0.702638
img/auh.old/12/auh-1208.png,1176,1671,0.70377
img/auh.old/12/auh-1209.png,1172,1669,0.702217
img/auh.old/12/auh-1210.png,1175,1667,0.704859
img/auh.old/12/auh-1211.png,1173,1667,0.703659
img/auh.old/12/auh-1212.png,1174,1669,0.703415
img/auh.old/12/auh-1213.png,1172,1669,0.702217
img/auh.old/12/auh-1214.png,1175,1668,0.704436
img/auh.old/12/auh-1215.png,1172,1668,0.702638
img/auh.old/12/auh-1216.png,1175,1669,0.704014
img/auh.old/12/auh-1217.png,1172,1669,0.702217
img/auh.old/12/auh-1218.png,1175,1668,0.704436
img/auh.old/12/auh-1219.png,1173,1667,0.703659
img/auh.old/12/auh-1220.png,1175,1669,0.704014
img/auh.old/12/auh-1221.png,1173,1669,0.702816
img/auh.old/12/auh-1222.png,1175,1668,0.704436
img/auh.old/12/auh-1223.png,1173,1668,0.703237
img/auh.old/12/auh-1224.png,1174,1667,0.704259
img/auh.old/12/auh-1225.png,1173,1666,0.704082
img/auh.old/12/auh-1226.png,1175,1669,0.704014
img/auh.old/12/auh-1227.png,1172,1669,0.702217
img/auh.old/12/auh-1228.png,1176,1668,0.705036
img/auh.old/12/auh-1229.png,1174,1668,0.703837
img/auh.old/12/auh-1230.png,1175,1669,0.704014
img/auh.old/12/auh-1231.png,1173,1667,0.703659
img/auh.old/12/auh-1232.png,1175,1668,0.704436
img/auh.old/12/auh-1233.png,1173,1668,0.703237
img/auh.old/12/auh-1234.png,1175,1669,0.704014
img/auh.old/12/auh-1235.png,1172,1669,0.702217
img/auh.old/12/auh-1236.png,1175,1669,0.704014
img/auh.old/12/auh-1237.png,1174,1668,0.703837
img/auh.old/12/auh-1238.png,1174,1669,0.703415
img/auh.old/12/auh-1239.png,1173,1669,0.702816
img/auh.old/12/auh-1240.png,1174,1669,0.703415
img/auh.old/12/auh-1241.png,1173,1668,0.703237
img/auh.old/12/auh-1242.png,1173,1669,0.702816
img/auh.old/12/auh-1243.png,1173,1669,0.702816
img/auh.old/12/auh-1244.png,1175,1670,0.703593
img/auh.old/12/auh-1245.png,1175,1669,0.704014
img/auh.old/12/auh-1246.png,1175,1669,0.704014
img/auh.old/12/auh-1247.png,1173,1669,0.702816
img/auh.old/12/auh-1248.png,1175,1670,0.703593
img/auh.old/12/auh-1249.png,1173,1669,0.702816
img/auh.old/12/auh-1250.png,1175,1668,0.704436
img/auh.old/12/auh-1251.png,1173,1667,0.703659
img/auh.old/12/auh-1252.png,1175,1669,0.704014
img/auh.old/12/auh-1253.png,1174,1669,0.703415
img/auh.old/12/auh-1254.png,1175,1669,0.704014
img/auh.old/12/auh-1255.png,1174,1669,0.703415
img/auh.old/12/auh-1256.png,1175,1671,0.703172
img/auh.old/12/auh-1257.png,1173,1669,0.702816
img/auh.old/12/auh-1258.png,1175,1669,0.704014
img/auh.old/12/auh-1259.png,1173,1669,0.702816
img/auh.old/12/auh-1260.png,1175,1670,0.703593
img/auh.old/12/auh-1261.png,1173,1669,0.702816
img/auh.old/12/auh-1262.png,1175,1668,0.704436
img/auh.old/12/auh-1263.png,1174,1668,0.703837
img/auh.old/12/auh-1264.png,1176,1669,0.704614
img/auh.old/12/auh-1265.png,1173,1669,0.702816
img/auh.old/12/auh-1266.png,1175,1669,0.704014
img/auh.old/12/auh-1267.png,1174,1669,0.703415
img/auh.old/12/auh-1268.png,1176,1670,0.704192
img/auh.old/12/auh-1269.png,1174,1670,0.702994
img/auh.old/12/auh-1270.png,1175,1670,0.703593
img/auh.old/12/auh-1271.png,1174,1669,0.703415
img/auh.old/12/auh-1272.png,1178,1669,0.705812
img/auh.old/12/auh-1273.png,1175,1669,0.704014
img/auh.old/12/auh-1274.png,1175,1670,0.703593
img/auh.old/12/auh-1275.png,1175,1669,0.704014
img/auh.old/12/auh-1276.png,1175,1669,0.704014
img/auh.old/12/auh-1277.png,1174,1669,0.703415
img/auh.old/12/auh-1278.png,1179,1669,0.706411
img/auh.old/12/auh-1279.png,1173,1668,0.703237
img/auh.old/12/auh-1280.png,1177,1670,0.70479
img/auh.old/12/auh-1281.png,1175,1670,0.703593
img/auh.old/12/auh-1282.png,1175,1669,0.704014
img/auh.old/12/auh-1283.png,1174,1668,0.703837
img/auh.old/12/auh-1284.png,1175,1669,0.704014
img/auh.old/12/auh-1285.png,1173,1668,0.703237
img/auh.old/12/auh-1286.png,1175,1669,0.704014
img/auh.old/12/auh-1287.png,1173,1669,0.702816
img/auh.old/12/auh-1288.png,1176,1669,0.704614
img/auh.old/12/auh-1289.png,1174,1669,0.703415
img/auh.old/12/auh-1290.png,1175,1671,0.703172
img/auh.old/12/auh-1291.png,1172,1670,0.701796
img/auh.old/12/auh-1292.png,1176,1669,0.704614
img/auh.old/12/auh-1293.png,1174,1669,0.703415
img/auh.old/12/auh-1294.png,1176,1669,0.704614
img/auh.old/12/auh-1295.png,1174,1669,0.703415
img/auh.old/12/auh-1296.png,1176,1670,0.704192
img/auh.old/12/auh-1297.png,1174,1669,0.703415
img/auh.old/12/auh-1298.png,1176,1669,0.704614
img/auh.old/12/auh-1299.png,1175,1669,0.704014
img/auh.old/13/auh-1300.png,1178,1669,0.705812
img/auh.old/13/auh-1301.png,1173,1669,0.702816
img/auh.old/13/auh-1302.png,1175,1669,0.704014
img/auh.old/13/auh-1303.png,1173,1669,0.702816
img/auh.old/13/auh-1304.png,1175,1668,0.704436
img/auh.old/13/auh-1305.png,1173,1668,0.703237
img/auh.old/13/auh-1306.png,1176,1669,0.704614
img/auh.old/13/auh-1307.png,1174,1669,0.703415
img/auh.old/13/auh-1308.png,1177,1668,0.705635
img/auh.old/13/auh-1309.png,1175,1668,0.704436
img/auh.old/13/auh-1310.png,1176,1670,0.704192
img/auh.old/13/auh-1311.png,1174,1670,0.702994
img/auh.old/13/auh-1312.png,1176,1669,0.704614
img/auh.old/13/auh-1313.png,1174,1668,0.703837
img/auh.old/13/auh-1314.png,1176,1669,0.704614
img/auh.old/13/auh-1315.png,1174,1669,0.703415
img/auh.old/13/auh-1316.png,1177,1669,0.705213
img/auh.old/13/auh-1317.png,1175,1669,0.704014
img/auh.old/13/auh-1318.png,1177,1669,0.705213
img/auh.old/13/auh-1319.png,1174,1669,0.703415
img/auh.old/13/auh-1320.png,1177,1669,0.705213
img/auh.old/13/auh-1321.png,1175,1669,0.704014
img/auh.old/13/auh-1322.png,1179,1668,0.706835
img/auh.old/13/auh-1323.png,1175,1668,0.704436
img/auh.old/13/auh-1324.png,1179,1670,0.705988
img/auh.old/13/auh-1325.png,1176,1669,0.704614
img/auh.old/13/auh-1326.png,1180,1670,0.706587
img/auh.old/13/auh-1327.png,1175,1669,0.704014
img/auh.old/13/auh-1328.png,1178,1670,0.705389
img/auh.old/13/auh-1329.png,1175,1670,0.703593
img/auh.old/13/auh-1330.png,1179,1669,0.706411
img/auh.old/13/auh-1331.png,1175,1669,0.704014
img/auh.old/13/auh-1332.png,1178,1669,0.705812
img/auh.old/13/auh-1333.png,1175,1669,0.704014
img/auh.old/13/auh-1334.png,1176,1669,0.704614
img/auh.old/13/auh-1335.png,1175,1669,0.704014
img/auh.old/13/auh-1336.png,1178,1669,0.705812
img/auh.old/13/auh-1337.png,1175,1668,0.704436
img/auh.old/13/auh-1338.png,1180,1669,0.70701
img/auh.old/13/auh-1339.png,1177,1669,0.705213
img/auh.old/13/auh-1340.png,1176,1670,0.704192
img/auh.old/13/auh-1341.png,1174,1669,0.703415
img/auh.old/13/auh-1342.png,1177,1669,0.705213
img/auh.old/13/auh-1343.png,1175,1669,0.704014
img/auh.old/13/auh-1344.png,1177,1669,0.705213
img/auh.old/13/auh-1345.png,1175,1669,0.704014
img/auh.old/13/auh-1346.png,1178,1671,0.704967
img/auh.old/13/auh-1347.png,1175,1671,0.703172
img/auh.old/13/auh-1348.png,1178,1669,0.705812
img/auh.old/13/auh-1349.png,1175,1669,0.704014
img/auh.old/13/auh-1350.png,1178,1670,0.705389
img/auh.old/13/auh-1351.png,1175,1669,0.704014
img/auh.old/13/auh-1352.png,1179,1669,0.706411
img/auh.old/13/auh-1353.png,1178,1669,0.705812
img/auh.old/13/auh-1354.png,1179,1669,0.706411
img/auh.old/13/auh-1355.png,1177,1669,0.705213
img/auh.old/13/auh-1356.png,1186,1670,0.71018
img/auh.old/13/auh-1357.png,1179,1669,0.706411
img/auh.old/13/auh-1358.png,1178,1670,0.705389
img/auh.old/13/auh-1359.png,1176,1670,0.704192
img/auh.old/13/auh-1360.png,1178,1669,0.705812
img/auh.old/13/auh-1361.png,1175,1669,0.704014
img/auh.old/13/auh-1362.png,1178,1669,0.705812
img/auh.old/13/auh-1363.png,1175,1668,0.704436
img/auh.old/13/auh-1364.png,1177,1672,0.703947
img/auh.old/13/auh-1365.png,1175,1670,0.703593
img/auh.old/13/auh-1366.png,1178,1670,0.705389
img/auh.old/13/auh-1367.png,1175,1670,0.703593
img/auh.old/13/auh-1368.png,1177,1673,0.703527
img/auh.old/13/auh-1369.png,1175,1671,0.703172
img/auh.old/13/auh-1370.png,1175,1670,0.703593
img/auh.old/13/auh-1371.png,1175,1669,0.704014
img/auh.old/13/auh-1372.png,1180,1670,0.706587
img/auh.old/13/auh-1373.png,1180,1670,0.706587
img/auh.old/13/auh-1374.png,1178,1688,0.697867
img/auh.old/13/auh-1375.png,1179,1671,0.705566
img/auh.old/13/auh-1376.png,1179,1671,0.705566
img/auh.old/13/auh-1377.png,1179,1670,0.705988
img/auh.old/13/auh-1378.png,1177,1670,0.70479
img/auh.old/13/auh-1379.png,1179,1671,0.705566
img/auh.old/13/auh-1380.png,1178,1671,0.704967
img/auh.old/13/auh-1381.png,1180,1669,0.70701
img/auh.old/13/auh-1382.png,1178,1669,0.705812
img/auh.old/13/auh-1383.png,1184,1670,0.708982
img/auh.old/13/auh-1384.png,1183,1669,0.708808
img/auh.old/13/auh-1385.png,1179,1669,0.706411
img/auh.old/13/auh-1386.png,1175,1669,0.704014
img/auh.old/13/auh-1387.png,1182,1669,0.708209
img/auh.old/13/auh-1388.png,1183,1669,0.708808
img/auh.old/13/auh-1389.png,1179,1669,0.706411
img/auh.old/13/auh-1390.png,1178,1669,0.705812
img/auh.old/13/auh-1391.png,1179,1670,0.705988
img/auh.old/13/auh-1392.png,1178,1669,0.705812
img/auh.old/13/auh-1393.png,1178,1669,0.705812
img/auh.old/13/auh-1394.png,1175,1669,0.704014
img/auh.old/13/auh-1395.png,1178,1669,0.705812
img/auh.old/13/auh-1396.png,1175,1669,0.704014
img/auh.old/13/auh-1397.png,1178,1669,0.705812
img/auh.old/13/auh-1398.png,1175,1669,0.704014
img/auh.old/13/auh-1399.png,1180,1669,0.70701
img/auh.old/14/auh-1400.png,1179,1669,0.706411
img/auh.old/14/auh-1401.png,1180,1669,0.70701
img/auh.old/14/auh-1402.png,1177,1668,0.705635
img/auh.old/14/auh-1403.png,1183,1669,0.708808
img/auh.old/14/auh-1404.png,1175,1669,0.704014
img/auh.old/14/auh-1405.png,1176,1669,0.704614
img/auh.old/14/auh-1406.png,1173,1669,0.702816
img/auh.old/14/auh-1407.png,1178,1669,0.705812
img/auh.old/14/auh-1408.png,1175,1669,0.704014
img/auh.old/14/auh-1409.png,1178,1670,0.705389
img/auh.old/14/auh-1410.png,1176,1669,0.704614
img/auh.old/14/auh-1411.png,1179,1669,0.706411
img/auh.old/14/auh-1412.png,1175,1669,0.704014
img/auh.old/14/auh-1413.png,1178,1669,0.705812
img/auh.old/14/auh-1414.png,1175,1669,0.704014
img/auh.old/14/auh-1415.png,1178,1670,0.705389
img/auh.old/14/auh-1416.png,1176,1669,0.704614
img/auh.old/14/auh-1417.png,1177,1669,0.705213
img/auh.old/14/auh-1418.png,1175,1669,0.704014
img/auh.old/14/auh-1419.png,1179,1669,0.706411
img/auh.old/14/auh-1420.png,1179,1668,0.706835
img/auh.old/14/auh-1421.png,1180,1669,0.70701
img/auh.old/14/auh-1422.png,1175,1669,0.704014
img/auh.old/14/auh-1423.png,1177,1669,0.705213
img/auh.old/14/auh-1424.png,1175,1668,0.704436
img/auh.old/14/auh-1425.png,1177,1669,0.705213
img/auh.old/14/auh-1426.png,1175,1669,0.704014
img/auh.old/14/auh-1427.png,1177,1669,0.705213
img/auh.old/14/auh-1428.png,1175,1668,0.704436
img/auh.old/14/auh-1429.png,1176,1669,0.704614
img/auh.old/14/auh-1430.png,1175,1669,0.704014
img/auh.old/14/auh-1431.png,1179,1670,0.705988
img/auh.old/14/auh-1432.png,1176,1669,0.704614
img/auh.old/14/auh-1433.png,1176,1669,0.704614
img/auh.old/14/auh-1434.png,1175,1669,0.704014
img/auh.old/14/auh-1435.png,1176,1667,0.705459
img/auh.old/14/auh-1436.png,1175,1667,0.704859
img/auh.old/14/auh-1437.png,1177,1669,0.705213
img/auh.old/14/auh-1438.png,1178,1668,0.706235
img/auh.old/14/auh-1439.png,1179,1668,0.706835
img/auh.old/14/auh-1440.png,1164,1667,0.69826
img/auh.old/14/auh-1441.png,1163,1669,0.696824
img/auh.old/14/auh-1442.png,1180,1666,0.708283
img/auh.old/14/auh-1443.png,1178,1665,0.707508
img/auh.old/14/auh-1444.png,1169,1667,0.70126
img/auh.old/14/auh-1445.png,1169,1667,0.70126
img/auh.old/14/auh-1446.png,1171,1666,0.702881
img/auh.old/14/auh-1447.png,1168,1666,0.70108
img/auh.old/14/auh-1448.png,1178,1669,0.705812
img/auh.old/14/auh-1449.png,1176,1669,0.704614
img/auh.old/14/auh-1450.png,1175,1668,0.704436
img/auh.old/14/auh-1451.png,1172,1667,0.703059
img/auh.old/14/auh-1452.png,1171,1667,0.70246
img/auh.old/14/auh-1453.png,1168,1666,0.70108
img/auh.old/14/auh-1454.png,1172,1669,0.702217
img/auh.old/14/auh-1455.png,1168,1668,0.70024
img/auh.old/14/auh-1456.png,1178,1669,0.705812
img/auh.old/14/auh-1457.png,1175,1669,0.704014
img/auh.old/14/auh-1458.png,1171,1668,0.702038
img/auh.old/14/auh-1459.png,1169,1669,0.700419
img/auh.old/14/auh-1460.png,1174,1668,0.703837
img/auh.old/14/auh-1461.png,1172,1668,0.702638
img/auh.old/14/auh-1462.png,1169,1667,0.70126
img/auh.old/14/auh-1463.png,1166,1667,0.69946
img/auh.old/14/auh-1464.png,1164,1666,0.698679
img/auh.old/14/auh-1465.png,1163,1666,0.698079
img/auh.old/14/auh-1466.png,1175,1669,0.704014
img/auh.old/14/auh-1467.png,1175,1669,0.704014
img/auh.old/14/auh-1468.png,1171,1666,0.702881
img/auh.old/14/auh-1469.png,1169,1665,0.702102
img/auh.old/14/auh-1470.png,1164,1668,0.697842
img/auh.old/14/auh-1471.png,1162,1668,0.696643
img/auh.old/14/auh-1472.png,1167,1668,0.69964
img/auh.old/14/auh-1473.png,1166,1667,0.69946
img/auh.old/14/auh-1474.png,1162,1668,0.696643
img/auh.old/14/auh-1475.png,1161,1668,0.696043
img/auh.old/14/auh-1476.png,1179,1671,0.705566
img/auh.old/14/auh-1477.png,1178,1671,0.704967
img/auh.old/14/auh-1478.png,1170,1668,0.701439
img/auh.old/14/auh-1479.png,1168,1668,0.70024
img/auh.old/14/auh-1480.png,1169,1668,0.700839
img/auh.old/14/auh-1481.png,1166,1668,0.699041
img/auh.old/14/auh-1482.png,1172,1666,0.703481
img/auh.old/14/auh-1483.png,1170,1665,0.702703
img/auh.old/14/auh-1484.png,1174,1669,0.703415
img/auh.old/14/auh-1485.png,1172,1668,0.702638
img/auh.old/14/auh-1486.png,1166,1667,0.69946
img/auh.old/14/auh-1487.png,1164,1667,0.69826
img/auh.old/14/auh-1488.png,1163,1667,0.69766
img/auh.old/14/auh-1489.png,1162,1667,0.697061
img/auh.old/14/auh-1490.png,1170,1667,0.70186
img/auh.old/14/auh-1491.png,1167,1668,0.69964
img/auh.old/14/auh-1492.png,1173,1668,0.703237
img/auh.old/14/auh-1493.png,1171,1667,0.70246
img/auh.old/14/auh-1494.png,1175,1669,0.704014
img/auh.old/14/auh-1495.png,1174,1667,0.704259
img/auh.old/14/auh-1496.png,1176,1669,0.704614
img/auh.old/14/auh-1497.png,1175,1669,0.704014
img/auh.old/14/auh-1498.png,1165,1669,0.698023
img/auh.old/14/auh-1499.png,1163,1669,0.696824
img/auh.old/15/auh-1500.png,1169,1668,0.700839
img/auh.old/15/auh-1501.png,1166,1668,0.699041
img/auh.old/15/auh-1502.png,1177,1667,0.706059
img/auh.old/15/auh-1503.png,1179,1669,0.706411
img/auh.old/15/auh-1504.png,1161,1668,0.696043
img/auh.old/15/auh-1505.png,1160,1667,0.695861
img/auh.old/15/auh-1506.png,1160,1666,0.696279
img/auh.old/15/auh-1507.png,1159,1666,0.695678
img/auh.old/15/auh-1508.png,1164,1666,0.698679
img/auh.old/15/auh-1509.png,1163,1666,0.698079
img/auh.old/15/auh-1510.png,1167,1669,0.699221
img/auh.old/15/auh-1511.png,1166,1669,0.698622
img/auh.old/15/auh-1512.png,1165,1669,0.698023
img/auh.old/15/auh-1513.png,1163,1667,0.69766
img/auh.old/15/auh-1514.png,1166,1669,0.698622
img/auh.old/15/auh-1515.png,1165,1668,0.698441
img/auh.old/15/auh-1516.png,1167,1669,0.699221
img/auh.old/15/auh-1517.png,1166,1666,0.69988
img/auh.old/15/auh-1518.png,1165,1668,0.698441
img/auh.old/15/auh-1519.png,1162,1666,0.697479
img/auh.old/15/auh-1520.png,1173,1667,0.703659
img/auh.old/15/auh-1521.png,1170,1667,0.70186
img/auh.old/15/auh-1522.png,1163,1667,0.69766
img/auh.old/15/auh-1523.png,1161,1667,0.696461
img/auh.old/15/auh-1524.png,1165,1668,0.698441
img/auh.old/15/auh-1525.png,1164,1667,0.69826
img/auh.old/15/auh-1526.png,1165,1669,0.698023
img/auh.old/15/auh-1527.png,1166,1669,0.698622
img/auh.old/15/auh-1528.png,1171,1666,0.702881
img/auh.old/15/auh-1529.png,1169,1666,0.701681
img/auh.old/15/auh-1530.png,1168,1669,0.69982
img/auh.old/15/auh-1531.png,1166,1669,0.698622
img/auh.old/15/auh-1532.png,1164,1669,0.697424
img/auh.old/15/auh-1533.png,1163,1669,0.696824
img/auh.old/15/auh-1534.png,1168,1669,0.69982
img/auh.old/15/auh-1535.png,1167,1669,0.699221
img/auh.old/15/auh-1536.png,1161,1669,0.695626
img/auh.old/15/auh-1537.png,1160,1668,0.695444
img/auh.old/15/auh-1538.png,1171,1669,0.701618
img/auh.old/15/auh-1539.png,1169,1668,0.700839
img/auh.old/15/auh-1540.png,1169,1668,0.700839
img/auh.old/15/auh-1541.png,1167,1668,0.69964
img/auh.old/15/auh-1542.png,1166,1667,0.69946
img/auh.old/15/auh-1543.png,1166,1667,0.69946
img/auh.old/15/auh-1544.png,1164,1667,0.69826
img/auh.old/15/auh-1545.png,1163,1667,0.69766
img/auh.old/15/auh-1546.png,1163,1669,0.696824
img/auh.old/15/auh-1547.png,1161,1669,0.695626
img/auh.old/15/auh-1548.png,1166,1669,0.698622
img/auh.old/15/auh-1549.png,1166,1669,0.698622
img/auh.old/15/auh-1550.png,1170,1669,0.701019
img/auh.old/15/auh-1551.png,1168,1669,0.69982
img/auh.old/15/auh-1552.png,1172,1669,0.702217
img/auh.old/15/auh-1553.png,1171,1669,0.701618
img/auh.old/15/auh-1554.png,1166,1668,0.699041
img/auh.old/15/auh-1555.png,1165,1668,0.698441
img/auh.old/15/auh-1556.png,1177,1669,0.705213
img/auh.old/15/auh-1557.png,1177,1668,0.705635
img/auh.old/15/auh-1558.png,1169,1669,0.700419
img/auh.old/15/auh-1559.png,1168,1668,0.70024
img/auh.old/15/auh-1560.png,1170,1671,0.70018
img/auh.old/15/auh-1561.png,1167,1669,0.699221
img/auh.old/15/auh-1562.png,1169,1669,0.700419
img/auh.old/15/auh-1563.png,1164,1669,0.697424
img/auh.old/15/auh-1564.png,1166,1670,0.698204
img/auh.old/15/auh-1565.png,1162,1669,0.696225
img/auh.old/15/auh-1566.png,1168,1669,0.69982
img/auh.old/15/auh-1567.png,1166,1669,0.698622
img/auh.old/15/auh-1568.png,1168,1669,0.69982
img/auh.old/15/auh-1569.png,1165,1669,0.698023
img/auh.old/15/auh-1570.png,1166,1669,0.698622
img/auh.old/15/auh-1571.png,1163,1669,0.696824
img/auh.old/15/auh-1572.png,1167,1669,0.699221
img/auh.old/15/auh-1573.png,1165,1668,0.698441
img/auh.old/15/auh-1574.png,1167,1669,0.699221
img/auh.old/15/auh-1575.png,1166,1669,0.698622
img/auh.old/15/auh-1576.png,1165,1669,0.698023
img/auh.old/15/auh-1577.png,1162,1669,0.696225
img/auh.old/15/auh-1578.png,1166,1669,0.698622
img/auh.old/15/auh-1579.png,1162,1669,0.696225
img/auh.old/15/auh-1580.png,1163,1670,0.696407
img/auh.old/15/auh-1581.png,1161,1670,0.69521
img/auh.old/15/auh-1582.png,1164,1669,0.697424
img/auh.old/15/auh-1583.png,1161,1669,0.695626
img/auh.old/15/auh-1584.png,1163,1670,0.696407
img/auh.old/15/auh-1585.png,1161,1670,0.69521
img/auh.old/15/auh-1586.png,1163,1671,0.69599
img/auh.old/15/auh-1587.png,1161,1669,0.695626
img/auh.old/15/auh-1588.png,1163,1669,0.696824
img/auh.old/15/auh-1589.png,1161,1669,0.695626
img/auh.old/15/auh-1590.png,1163,1669,0.696824
img/auh.old/15/auh-1591.png,1161,1669,0.695626
img/auh.old/15/auh-1592.png,1162,1669,0.696225
img/auh.old/15/auh-1593.png,1159,1669,0.694428
img/auh.old/15/auh-1594.png,1162,1669,0.696225
img/auh.old/15/auh-1595.png,1159,1669,0.694428
img/auh.old/15/auh-1596.png,1162,1667,0.697061
img/auh.old/15/auh-1597.png,1159,1667,0.695261
img/auh.old/15/auh-1598.png,1161,1669,0.695626
img/auh.old/15/auh-1599.png,1159,1669,0.694428
img/auh.old/16/auh-1600.png,1161,1669,0.695626
img/auh.old/16/auh-1601.png,1159,1669,0.694428
img/auh.old/16/auh-1602.png,1160,1669,0.695027
img/auh.old/16/auh-1603.png,1158,1669,0.693829
img/auh.old/16/auh-1604.png,1161,1669,0.695626
img/auh.old/16/auh-1605.png,1159,1668,0.694844
img/auh.old/16/auh-1606.png,1160,1670,0.694611
img/auh.old/16/auh-1607.png,1158,1669,0.693829
img/auh.old/16/auh-1608.png,1161,1670,0.69521
img/auh.old/16/auh-1609.png,1158,1669,0.693829
img/auh.old/16/auh-1610.png,1161,1669,0.695626
img/auh.old/16/auh-1611.png,1159,1668,0.694844
img/auh.old/16/auh-1612.png,1168,1670,0.699401
img/auh.old/16/auh-1613.png,1166,1670,0.698204
img/auh.old/16/auh-1614.png,1160,1669,0.695027
img/auh.old/16/auh-1615.png,1157,1669,0.693229
img/auh.old/16/auh-1616.png,1161,1668,0.696043
img/auh.old/16/auh-1617.png,1158,1668,0.694245
img/auh.old/16/auh-1618.png,1161,1669,0.695626
img/auh.old/16/auh-1619.png,1159,1668,0.694844
img/auh.old/16/auh-1620.png,1158,1669,0.693829
img/auh.old/16/auh-1621.png,1157,1668,0.693645
img/auh.old/16/auh-1622.png,1159,1669,0.694428
img/auh.old/16/auh-1623.png,1157,1668,0.693645
img/auh.old/16/auh-1624.png,1161,1669,0.695626
img/auh.old/16/auh-1625.png,1159,1669,0.694428
img/auh.old/16/auh-1626.png,1169,1669,0.700419
img/auh.old/16/auh-1627.png,1166,1669,0.698622
img/auh.old/16/auh-1628.png,1172,1669,0.702217
img/auh.old/16/auh-1629.png,1170,1669,0.701019
img/auh.old/16/auh-1630.png,1158,1669,0.693829
img/auh.old/16/auh-1631.png,1157,1669,0.693229
img/auh.old/16/auh-1632.png,1160,1668,0.695444
img/auh.old/16/auh-1633.png,1158,1668,0.694245
img/auh.old/16/auh-1634.png,1171,1669,0.701618
img/auh.old/16/auh-1635.png,1169,1669,0.700419
img/auh.old/16/auh-1636.png,1166,1669,0.698622
img/auh.old/16/auh-1637.png,1166,1669,0.698622
img/auh.old/16/auh-1638.png,1178,1669,0.705812
img/auh.old/16/auh-1639.png,1176,1669,0.704614
img/auh.old/16/auh-1640.png,1166,1669,0.698622
img/auh.old/16/auh-1641.png,1163,1669,0.696824
img/auh.old/16/auh-1642.png,1161,1669,0.695626
img/auh.old/16/auh-1643.png,1157,1669,0.693229
img/auh.old/16/auh-1644.png,1172,1669,0.702217
img/auh.old/16/auh-1645.png,1169,1669,0.700419
img/auh.old/16/auh-1646.png,1167,1669,0.699221
img/auh.old/16/auh-1647.png,1166,1669,0.698622
img/auh.old/16/auh-1648.png,1171,1669,0.701618
img/auh.old/16/auh-1649.png,1169,1669,0.700419
img/auh.old/16/auh-1650.png,1164,1669,0.697424
img/auh.old/16/auh-1651.png,1161,1669,0.695626
img/auh.old/16/auh-1652.png,1163,1667,0.69766
img/auh.old/16/auh-1653.png,1162,1667,0.697061
img/auh.old/16/auh-1654.png,1167,1670,0.698802
img/auh.old/16/auh-1655.png,1165,1670,0.697605
img/auh.old/16/auh-1656.png,1166,1667,0.69946
img/auh.old/16/auh-1657.png,1164,1667,0.69826
img/auh.old/16/auh-1658.png,1163,1668,0.697242
img/auh.old/16/auh-1659.png,1160,1668,0.695444
img/auh.old/16/auh-1660.png,1163,1668,0.697242
img/auh.old/16/auh-1661.png,1159,1667,0.695261
img/auh.old/16/auh-1662.png,1163,1669,0.696824
img/auh.old/16/auh-1663.png,1160,1669,0.695027
img/auh.old/16/auh-1664.png,1165,1667,0.69886
img/auh.old/16/auh-1665.png,1162,1667,0.697061
img/auh.old/16/auh-1666.png,1163,1669,0.696824
img/auh.old/16/auh-1667.png,1160,1669,0.695027
img/auh.old/16/auh-1668.png,1168,1669,0.69982
img/auh.old/16/auh-1669.png,1166,1669,0.698622
img/auh.old/16/auh-1670.png,1172,1669,0.702217
img/auh.old/16/auh-1671.png,1168,1669,0.69982
img/auh.old/16/auh-1672.png,1170,1669,0.701019
img/auh.old/16/auh-1673.png,1166,1669,0.698622
img/auh.old/16/auh-1674.png,1168,1669,0.69982
img/auh.old/16/auh-1675.png,1165,1669,0.698023
img/auh.old/16/auh-1676.png,1173,1669,0.702816
img/auh.old/16/auh-1677.png,1170,1669,0.701019
img/auh.old/16/auh-1678.png,1170,1667,0.70186
img/auh.old/16/auh-1679.png,1168,1667,0.70066
img/auh.old/16/auh-1680.png,1172,1669,0.702217
img/auh.old/16/auh-1681.png,1170,1669,0.701019
img/auh.old/16/auh-1682.png,1175,1667,0.704859
img/auh.old/16/auh-1683.png,1174,1667,0.704259
img/auh.old/16/auh-1684.png,1177,1668,0.705635
img/auh.old/16/auh-1685.png,1175,1667,0.704859
img/auh.old/16/auh-1686.png,1179,1668,0.706835
img/auh.old/16/auh-1687.png,1176,1669,0.704614
img/auh.old/16/auh-1688.png,1183,1671,0.707959
img/auh.old/16/auh-1689.png,1180,1672,0.705742
img/auh.old/16/auh-1690.png,1178,1669,0.705812
img/auh.old/16/auh-1691.png,1176,1669,0.704614
img/auh.old/16/auh-1692.png,1178,1669,0.705812
img/auh.old/16/auh-1693.png,1176,1669,0.704614
img/auh.old/16/auh-1694.png,1182,1668,0.708633
img/auh.old/16/auh-1695.png,1183,1668,0.709233
img/auh.old/16/auh-1696.png,1162,1669,0.696225
img/auh.old/16/auh-1697.png,1161,1668,0.696043
img/auh.old/16/auh-1698.png,1176,1669,0.704614
img/auh.old/16/auh-1699.png,1174,1668,0.703837
img/auh.old/17/auh-1700.png,1176,1667,0.705459
img/auh.old/17/auh-1701.png,1174,1667,0.704259
img/auh.old/17/auh-1702.png,1171,1669,0.701618
img/auh.old/17/auh-1703.png,1167,1668,0.69964
img/auh.old/17/auh-1704.png,1180,1669,0.70701
img/auh.old/17/auh-1705.png,1178,1670,0.705389
img/auh.old/17/auh-1706.png,1182,1668,0.708633
img/auh.old/17/auh-1707.png,1180,1669,0.70701
img/auh.old/17/auh-1708.png,1179,1670,0.705988
img/auh.old/17/auh-1709.png,1178,1671,0.704967
img/auh.old/17/auh-1710.png,1175,1669,0.704014
img/auh.old/17/auh-1711.png,1175,1669,0.704014
img/auh.old/17/auh-1712.png,1175,1670,0.703593
img/auh.old/17/auh-1713.png,1175,1669,0.704014
img/auh.old/17/auh-1714.png,1179,1669,0.706411
img/auh.old/17/auh-1715.png,1176,1669,0.704614
img/auh.old/17/auh-1716.png,1180,1669,0.70701
img/auh.old/17/auh-1717.png,1178,1669,0.705812
img/auh.old/17/auh-1718.png,1177,1669,0.705213
img/auh.old/17/auh-1719.png,1175,1669,0.704014
img/auh.old/17/auh-1720.png,1176,1667,0.705459
img/auh.old/17/auh-1721.png,1174,1666,0.704682
img/auh.old/17/auh-1722.png,1171,1670,0.701198
img/auh.old/17/auh-1723.png,1166,1670,0.698204
img/auh.old/17/auh-1724.png,1175,1669,0.704014
img/auh.old/17/auh-1725.png,1172,1669,0.702217
img/auh.old/17/auh-1726.png,1181,1670,0.707186
img/auh.old/17/auh-1727.png,1180,1670,0.706587
img/auh.old/17/auh-1728.png,1178,1669,0.705812
img/auh.old/17/auh-1729.png,1176,1670,0.704192
img/auh.old/17/auh-1730.png,1177,1670,0.70479
img/auh.old/17/auh-1731.png,1175,1669,0.704014
img/auh.old/17/auh-1732.png,1171,1667,0.70246
img/auh.old/17/auh-1733.png,1169,1667,0.70126
img/auh.old/17/auh-1734.png,1180,1670,0.706587
img/auh.old/17/auh-1735.png,1177,1671,0.704369
img/auh.old/17/auh-1736.png,1172,1669,0.702217
img/auh.old/17/auh-1737.png,1170,1669,0.701019
img/auh.old/17/auh-1738.png,1177,1670,0.70479
img/auh.old/17/auh-1739.png,1175,1671,0.703172
img/auh.old/17/auh-1740.png,1172,1669,0.702217
img/auh.old/17/auh-1741.png,1170,1669,0.701019
img/auh.old/17/auh-1742.png,1181,1670,0.707186
img/auh.old/17/auh-1743.png,1181,1669,0.707609
img/auh.old/17/auh-1744.png,1176,1670,0.704192
img/auh.old/17/auh-1745.png,1175,1669,0.704014
img/auh.old/17/auh-1746.png,1165,1670,0.697605
img/auh.old/17/auh-1747.png,1163,1670,0.696407
img/auh.old/17/auh-1748.png,1169,1669,0.700419
img/auh.old/17/auh-1749.png,1166,1669,0.698622
img/auh.old/17/auh-1750.png,1174,1670,0.702994
img/auh.old/17/auh-1751.png,1173,1669,0.702816
img/auh.old/17/auh-1752.png,1175,1670,0.703593
img/auh.old/17/auh-1753.png,1175,1670,0.703593
img/auh.old/17/auh-1754.png,1166,1669,0.698622
img/auh.old/17/auh-1755.png,1166,1669,0.698622
img/auh.old/17/auh-1756.png,1162,1669,0.696225
img/auh.old/17/auh-1757.png,1162,1669,0.696225
img/auh.old/17/auh-1758.png,1163,1669,0.696824
img/auh.old/17/auh-1759.png,1163,1669,0.696824
img/auh.old/17/auh-1760.png,1160,1669,0.695027
img/auh.old/17/auh-1761.png,1158,1668,0.694245
img/auh.old/17/auh-1762.png,1173,1669,0.702816
img/auh.old/17/auh-1763.png,1173,1669,0.702816
img/auh.old/17/auh-1764.png,1173,1669,0.702816
img/auh.old/17/auh-1765.png,1172,1668,0.702638
img/auh.old/17/auh-1766.png,1174,1670,0.702994
img/auh.old/17/auh-1767.png,1174,1670,0.702994
img/auh.old/17/auh-1768.png,1172,1669,0.702217
img/auh.old/17/auh-1769.png,1169,1669,0.700419
img/auh.old/17/auh-1770.png,1177,1671,0.704369
img/auh.old/17/auh-1771.png,1177,1669,0.705213
img/auh.old/17/auh-1772.png,1175,1668,0.704436
img/auh.old/17/auh-1773.png,1177,1668,0.705635
img/auh.old/17/auh-1774.png,1175,1669,0.704014
img/auh.old/17/auh-1775.png,1175,1669,0.704014
img/auh.old/17/auh-1776.png,1160,1668,0.695444
img/auh.old/17/auh-1777.png,1160,1668,0.695444
img/auh.old/17/auh-1778.png,1164,1668,0.697842
img/auh.old/17/auh-1779.png,1161,1668,0.696043
img/auh.old/17/auh-1780.png,1160,1669,0.695027
img/auh.old/17/auh-1781.png,1159,1667,0.695261
img/auh.old/17/auh-1782.png,1166,1669,0.698622
img/auh.old/17/auh-1783.png,1166,1669,0.698622
img/auh.old/17/auh-1784.png,1168,1669,0.69982
img/auh.old/17/auh-1785.png,1169,1669,0.700419
img/auh.old/17/auh-1786.png,1168,1668,0.70024
img/auh.old/17/auh-1787.png,1168,1668,0.70024
img/auh.old/17/auh-1788.png,1162,1667,0.697061
img/auh.old/17/auh-1789.png,1160,1667,0.695861
img/auh.old/17/auh-1790.png,1175,1669,0.704014
img/auh.old/17/auh-1791.png,1176,1669,0.704614
img/auh.old/17/auh-1792.png,1193,1679,0.710542
img/auh.old/17/auh-1793.png,1192,1679,0.709946
img/auh.old/17/auh-1794.png,1161,1668,0.696043
img/auh.old/17/auh-1795.png,1161,1668,0.696043
img/auh.old/17/auh-1796.png,1175,1669,0.704014
img/auh.old/17/auh-1797.png,1175,1670,0.703593
img/auh.old/17/auh-1798.png,1176,1669,0.704614
img/auh.old/17/auh-1799.png,1180,1669,0.70701
img/auh.old/18/auh-1800.png,1176,1669,0.704614
img/auh.old/18/auh-1801.png,1178,1670,0.705389
img/auh.old/18/auh-1802.png,1182,1670,0.707784
img/auh.old/18/auh-1803.png,1183,1671,0.707959
img/auh.old/18/auh-1804.png,1189,1674,0.710275
img/auh.old/18/auh-1805.png,1188,1674,0.709677
img/auh.old/18/auh-1806.png,1182,1670,0.707784
img/auh.old/18/auh-1807.png,1183,1671,0.707959
img/auh.old/18/auh-1808.png,1166,1669,0.698622
img/auh.old/18/auh-1809.png,1163,1669,0.696824
img/auh.old/18/auh-1810.png,1165,1669,0.698023
img/auh.old/18/auh-1811.png,1165,1670,0.697605
img/auh.old/18/auh-1812.png,1161,1667,0.696461
img/auh.old/18/auh-1813.png,1160,1667,0.695861
img/auh.old/18/auh-1814.png,1161,1669,0.695626
img/auh.old/18/auh-1815.png,1161,1669,0.695626
img/auh.old/18/auh-1816.png,1161,1667,0.696461
img/auh.old/18/auh-1817.png,1162,1667,0.697061
img/auh.old/18/auh-1818.png,1162,1670,0.695808
img/auh.old/18/auh-1819.png,1162,1669,0.696225
img/auh.old/18/auh-1820.png,1161,1669,0.695626
img/auh.old/18/auh-1821.png,1160,1669,0.695027
img/auh.old/18/auh-1822.png,1160,1668,0.695444
img/auh.old/18/auh-1823.png,1160,1668,0.695444
img/auh.old/18/auh-1824.png,1165,1670,0.697605
img/auh.old/18/auh-1825.png,1162,1669,0.696225
img/auh.old/18/auh-1826.png,1176,1679,0.700417
img/auh.old/18/auh-1827.png,1176,1676,0.701671
img/auh.old/18/auh-1828.png,1164,1680,0.692857
img/auh.old/18/auh-1829.png,1163,1688,0.688981
img/auh.old/18/auh-1830.png,1157,1677,0.689922
img/auh.old/18/auh-1831.png,1153,1676,0.687947
img/auh.old/18/auh-1832.png,1162,1669,0.696225
img/auh.old/18/auh-1833.png,1158,1669,0.693829
img/auh.old/18/auh-1834.png,1166,1669,0.698622
img/auh.old/18/auh-1835.png,1161,1669,0.695626
img/auh.old/18/auh-1836.png,1166,1667,0.69946
img/auh.old/18/auh-1837.png,1163,1667,0.69766
img/auh.old/18/auh-1838.png,1167,1669,0.699221
img/auh.old/18/auh-1839.png,1163,1669,0.696824
img/auh.old/18/auh-1840.png,1166,1669,0.698622
img/auh.old/18/auh-1841.png,1162,1669,0.696225
img/auh.old/18/auh-1842.png,1165,1669,0.698023
img/auh.old/18/auh-1843.png,1162,1669,0.696225
img/auh.old/18/auh-1844.png,1157,1669,0.693229
img/auh.old/18/auh-1845.png,1157,1668,0.693645
img/auh.old/18/auh-1846.png,1164,1669,0.697424
img/auh.old/18/auh-1847.png,1161,1669,0.695626
img/auh.old/18/auh-1848.png,1163,1669,0.696824
img/auh.old/18/auh-1849.png,1163,1669,0.696824
img/auh.old/18/auh-1850.png,1160,1669,0.695027
img/auh.old/18/auh-1851.png,1159,1668,0.694844
img/auh.old/18/auh-1852.png,1161,1668,0.696043
img/auh.old/18/auh-1853.png,1162,1669,0.696225
img/auh.old/18/auh-1854.png,1161,1669,0.695626
img/auh.old/18/auh-1855.png,1161,1669,0.695626
img/auh.old/18/auh-1856.png,1162,1669,0.696225
img/auh.old/18/auh-1857.png,1162,1669,0.696225
img/auh.old/18/auh-1858.png,1158,1668,0.694245
img/auh.old/18/auh-1859.png,1157,1668,0.693645
img/auh.old/18/auh-1860.png,1163,1669,0.696824
img/auh.old/18/auh-1861.png,1162,1669,0.696225
img/auh.old/18/auh-1862.png,1158,1669,0.693829
img/auh.old/18/auh-1863.png,1156,1667,0.693461
img/auh.old/18/auh-1864.png,1160,1669,0.695027
img/auh.old/18/auh-1865.png,1159,1669,0.694428
img/auh.old/18/auh-1866.png,1162,1669,0.696225
img/auh.old/18/auh-1867.png,1161,1669,0.695626
img/auh.old/18/auh-1868.png,1160,1669,0.695027
img/auh.old/18/auh-1869.png,1159,1669,0.694428
img/auh.old/18/auh-1870.png,1176,1668,0.705036
img/auh.old/18/auh-1871.png,1175,1668,0.704436
img/auh.old/18/auh-1872.png,1169,1669,0.700419
img/auh.old/18/auh-1873.png,1166,1669,0.698622
img/auh.old/18/auh-1874.png,1166,1669,0.698622
img/auh.old/18/auh-1875.png,1163,1669,0.696824
img/auh.old/18/auh-1876.png,1165,1669,0.698023
img/auh.old/18/auh-1877.png,1162,1669,0.696225
img/auh.old/18/auh-1878.png,1166,1668,0.699041
img/auh.old/18/auh-1879.png,1162,1668,0.696643
img/auh.old/18/auh-1880.png,1166,1669,0.698622
img/auh.old/18/auh-1881.png,1159,1669,0.694428
img/auh.old/18/auh-1882.png,1156,1667,0.693461
img/auh.old/18/auh-1883.png,1166,1669,0.698622
img/auh.old/18/auh-1884.png,1161,1668,0.696043
img/auh.old/18/auh-1885.png,1162,1669,0.696225
img/auh.old/18/auh-1886.png,1157,1668,0.693645
img/auh.old/18/auh-1887.png,1157,1669,0.693229
img/auh.old/18/auh-1888.png,1157,1668,0.693645
img/auh.old/18/auh-1889.png,1158,1669,0.693829
img/auh.old/18/auh-1890.png,1157,1669,0.693229
img/auh.old/18/auh-1891.png,1202,1671,0.71933
img/auh.old/18/auh-1892.png,1202,1674,0.718041
img/auh.old/18/auh-1893.png,1158,1670,0.693413
img/auh.old/18/auh-1894.png,1157,1669,0.693229
img/auh.old/18/auh-1895.png,1163,1669,0.696824
img/auh.old/18/auh-1896.png,1161,1669,0.695626
img/auh.old/18/auh-1897.png,1163,1676,0.693914
img/auh.old/1/auh-0100.png,1166,1669,0.698622
img/auh.old/1/auh-0101.png,1165,1669,0.698023
img/auh.old/1/auh-0102.png,1164,1668,0.697842
img/auh.old/1/auh-0103.png,1164,1669,0.697424
img/auh.old/1/auh-0104.png,1166,1670,0.698204
img/auh.old/1/auh-0105.png,1166,1670,0.698204
img/auh.old/1/auh-0106.png,1166,1670,0.698204
img/auh.old/1/auh-0107.png,1166,1670,0.698204
img/auh.old/1/auh-0108.png,1165,1669,0.698023
img/auh.old/1/auh-0109.png,1166,1669,0.698622
img/auh.old/1/auh-0110.png,1166,1669,0.698622
img/auh.old/1/auh-0111.png,1166,1669,0.698622
img/auh.old/1/auh-0112.png,1166,1671,0.697786
img/auh.old/1/auh-0113.png,1166,1671,0.697786
img/auh.old/1/auh-0114.png,1166,1669,0.698622
img/auh.old/1/auh-0115.png,1166,1668,0.699041
img/auh.old/1/auh-0116.png,1168,1669,0.69982
img/auh.old/1/auh-0117.png,1169,1669,0.700419
img/auh.old/1/auh-0118.png,1167,1669,0.699221
img/auh.old/1/auh-0119.png,1167,1669,0.699221
img/auh.old/1/auh-0120.png,1166,1670,0.698204
img/auh.old/1/auh-0121.png,1166,1670,0.698204
img/auh.old/1/auh-0122.png,1161,1669,0.695626
img/auh.old/1/auh-0123.png,1164,1669,0.697424
img/auh.old/1/auh-0124.png,1156,1671,0.691801
img/auh.old/1/auh-0125.png,1156,1669,0.69263
img/auh.old/1/auh-0126.png,1160,1669,0.695027
img/auh.old/1/auh-0127.png,1160,1670,0.694611
img/auh.old/1/auh-0128.png,1164,1671,0.696589
img/auh.old/1/auh-0129.png,1160,1671,0.694195
img/auh.old/1/auh-0130.png,1159,1669,0.694428
img/auh.old/1/auh-0131.png,1157,1669,0.693229
img/auh.old/1/auh-0132.png,1161,1669,0.695626
img/auh.old/1/auh-0133.png,1161,1669,0.695626
img/auh.old/1/auh-0134.png,1160,1669,0.695027
img/auh.old/1/auh-0135.png,1161,1669,0.695626
img/auh.old/1/auh-0136.png,1164,1670,0.697006
img/auh.old/1/auh-0137.png,1164,1670,0.697006
img/auh.old/1/auh-0138.png,1163,1671,0.69599
img/auh.old/1/auh-0139.png,1161,1671,0.694794
img/auh.old/1/auh-0140.png,1160,1670,0.694611
img/auh.old/1/auh-0141.png,1158,1670,0.693413
img/auh.old/1/auh-0142.png,1159,1669,0.694428
img/auh.old/1/auh-0143.png,1158,1669,0.693829
img/auh.old/1/auh-0144.png,1164,1670,0.697006
img/auh.old/1/auh-0145.png,1162,1670,0.695808
img/auh.old/1/auh-0146.png,1160,1669,0.695027
img/auh.old/1/auh-0147.png,1161,1669,0.695626
img/auh.old/1/auh-0148.png,1163,1669,0.696824
img/auh.old/1/auh-0149.png,1164,1669,0.697424
img/auh.old/1/auh-0150.png,1163,1670,0.696407
img/auh.old/1/auh-0151.png,1163,1670,0.696407
img/auh.old/1/auh-0152.png,1158,1669,0.693829
img/auh.old/1/auh-0153.png,1158,1669,0.693829
img/auh.old/1/auh-0154.png,1157,1669,0.693229
img/auh.old/1/auh-0155.png,1157,1669,0.693229
img/auh.old/1/auh-0156.png,1159,1669,0.694428
img/auh.old/1/auh-0157.png,1159,1669,0.694428
img/auh.old/1/auh-0158.png,1160,1670,0.694611
img/auh.old/1/auh-0159.png,1159,1670,0.694012
img/auh.old/1/auh-0160.png,1162,1669,0.696225
img/auh.old/1/auh-0161.png,1161,1669,0.695626
img/auh.old/1/auh-0162.png,1165,1671,0.697187
img/auh.old/1/auh-0163.png,1165,1671,0.697187
img/auh.old/1/auh-0164.png,1166,1671,0.697786
img/auh.old/1/auh-0165.png,1166,1671,0.697786
img/auh.old/1/auh-0166.png,1166,1672,0.697368
img/auh.old/1/auh-0167.png,1165,1672,0.69677
img/auh.old/1/auh-0168.png,1166,1671,0.697786
img/auh.old/1/auh-0169.png,1167,1671,0.698384
img/auh.old/1/auh-0170.png,1166,1669,0.698622
img/auh.old/1/auh-0171.png,1165,1669,0.698023
img/auh.old/1/auh-0172.png,1166,1671,0.697786
img/auh.old/1/auh-0173.png,1166,1670,0.698204
img/auh.old/1/auh-0174.png,1166,1669,0.698622
img/auh.old/1/auh-0175.png,1166,1669,0.698622
img/auh.old/1/auh-0176.png,1167,1669,0.699221
img/auh.old/1/auh-0177.png,1167,1669,0.699221
img/auh.old/1/auh-0178.png,1166,1669,0.698622
img/auh.old/1/auh-0179.png,1166,1669,0.698622
img/auh.old/1/auh-0180.png,1167,1671,0.698384
img/auh.old/1/auh-0181.png,1167,1671,0.698384
img/auh.old/1/auh-0182.png,1169,1670,0.7
img/auh.old/1/auh-0183.png,1169,1669,0.700419
img/auh.old/1/auh-0184.png,1168,1670,0.699401
img/auh.old/1/auh-0185.png,1169,1670,0.7
img/auh.old/1/auh-0186.png,1166,1671,0.697786
img/auh.old/1/auh-0187.png,1165,1671,0.697187
img/auh.old/1/auh-0188.png,1165,1669,0.698023
img/auh.old/1/auh-0189.png,1165,1669,0.698023
img/auh.old/1/auh-0190.png,1166,1670,0.698204
img/auh.old/1/auh-0191.png,1166,1670,0.698204
img/auh.old/1/auh-0192.png,1171,1671,0.700778
img/auh.old/1/auh-0193.png,1171,1669,0.701618
img/auh.old/1/auh-0194.png,1171,1669,0.701618
img/auh.old/1/auh-0195.png,1173,1668,0.703237
img/auh.old/1/auh-0196.png,1173,1669,0.702816
img/auh.old/1/auh-0197.png,1172,1669,0.702217
img/auh.old/1/auh-0198.png,1167,1671,0.698384
img/auh.old/1/auh-0199.png,1167,1670,0.698802
img/auh.old/2/auh-0200.png,1170,1671,0.70018
img/auh.old/2/auh-0201.png,1173,1669,0.702816
img/auh.old/2/auh-0202.png,1169,1669,0.700419
img/auh.old/2/auh-0203.png,1169,1669,0.700419
img/auh.old/2/auh-0204.png,1171,1670,0.701198
img/auh.old/2/auh-0205.png,1171,1669,0.701618
img/auh.old/2/auh-0206.png,1167,1669,0.699221
img/auh.old/2/auh-0207.png,1167,1668,0.69964
img/auh.old/2/auh-0208.png,1172,1670,0.701796
img/auh.old/2/auh-0209.png,1172,1669,0.702217
img/auh.old/2/auh-0210.png,1174,1669,0.703415
img/auh.old/2/auh-0211.png,1175,1669,0.704014
img/auh.old/2/auh-0212.png,1172,1669,0.702217
img/auh.old/2/auh-0213.png,1171,1669,0.701618
img/auh.old/2/auh-0214.png,1170,1669,0.701019
img/auh.old/2/auh-0215.png,1172,1670,0.701796
img/auh.old/2/auh-0216.png,1169,1670,0.7
img/auh.old/2/auh-0217.png,1165,1670,0.697605
img/auh.old/2/auh-0218.png,1167,1670,0.698802
img/auh.old/2/auh-0219.png,1170,1670,0.700599
img/auh.old/2/auh-0220.png,1159,1670,0.694012
img/auh.old/2/auh-0221.png,1159,1670,0.694012
img/auh.old/2/auh-0222.png,1157,1670,0.692814
img/auh.old/2/auh-0223.png,1157,1669,0.693229
img/auh.old/2/auh-0224.png,1158,1669,0.693829
img/auh.old/2/auh-0225.png,1163,1669,0.696824
img/auh.old/2/auh-0226.png,1163,1668,0.697242
img/auh.old/2/auh-0227.png,1163,1668,0.697242
img/auh.old/2/auh-0228.png,1173,1669,0.702816
img/auh.old/2/auh-0229.png,1173,1668,0.703237
img/auh.old/2/auh-0230.png,1173,1670,0.702395
img/auh.old/2/auh-0231.png,1172,1669,0.702217
img/auh.old/2/auh-0232.png,1175,1670,0.703593
img/auh.old/2/auh-0233.png,1175,1670,0.703593
img/auh.old/2/auh-0234.png,1174,1669,0.703415
img/auh.old/2/auh-0235.png,1173,1669,0.702816
img/auh.old/2/auh-0236.png,1172,1670,0.701796
img/auh.old/2/auh-0237.png,1174,1671,0.702573
img/auh.old/2/auh-0238.png,1176,1670,0.704192
img/auh.old/2/auh-0239.png,1176,1670,0.704192
img/auh.old/2/auh-0240.png,1175,1669,0.704014
img/auh.old/2/auh-0241.png,1175,1669,0.704014
img/auh.old/2/auh-0242.png,1172,1669,0.702217
img/auh.old/2/auh-0243.png,1172,1669,0.702217
img/auh.old/2/auh-0244.png,1169,1669,0.700419
img/auh.old/2/auh-0245.png,1170,1669,0.701019
img/auh.old/2/auh-0246.png,1169,1668,0.700839
img/auh.old/2/auh-0247.png,1170,1667,0.70186
img/auh.old/2/auh-0248.png,1172,1671,0.701376
img/auh.old/2/auh-0249.png,1174,1671,0.702573
img/auh.old/2/auh-0250.png,1171,1670,0.701198
img/auh.old/2/auh-0251.png,1173,1670,0.702395
img/auh.old/2/auh-0252.png,1171,1669,0.701618
img/auh.old/2/auh-0253.png,1171,1670,0.701198
img/auh.old/2/auh-0254.png,1170,1669,0.701019
img/auh.old/2/auh-0255.png,1169,1669,0.700419
img/auh.old/2/auh-0256.png,1158,1669,0.693829
img/auh.old/2/auh-0257.png,1158,1669,0.693829
img/auh.old/2/auh-0258.png,1156,1669,0.69263
img/auh.old/2/auh-0259.png,1156,1668,0.693046
img/auh.old/2/auh-0260.png,1157,1669,0.693229
img/auh.old/2/auh-0261.png,1157,1668,0.693645
img/auh.old/2/auh-0262.png,1162,1670,0.695808
img/auh.old/2/auh-0263.png,1162,1670,0.695808
img/auh.old/2/auh-0264.png,1157,1669,0.693229
img/auh.old/2/auh-0265.png,1157,1669,0.693229
img/auh.old/2/auh-0266.png,1157,1669,0.693229
img/auh.old/2/auh-0267.png,1157,1669,0.693229
img/auh.old/2/auh-0268.png,1166,1669,0.698622
img/auh.old/2/auh-0269.png,1167,1669,0.699221
img/auh.old/2/auh-0270.png,1166,1670,0.698204
img/auh.old/2/auh-0271.png,1166,1670,0.698204
img/auh.old/2/auh-0272.png,1162,1669,0.696225
img/auh.old/2/auh-0273.png,1162,1669,0.696225
img/auh.old/2/auh-0274.png,1159,1670,0.694012
img/auh.old/2/auh-0275.png,1160,1670,0.694611
img/auh.old/2/auh-0276.png,1167,1669,0.699221
img/auh.old/2/auh-0277.png,1166,1670,0.698204
img/auh.old/2/auh-0278.png,1157,1669,0.693229
img/auh.old/2/auh-0279.png,1157,1669,0.693229
img/auh.old/2/auh-0280.png,1163,1668,0.697242
img/auh.old/2/auh-0281.png,1162,1668,0.696643
img/auh.old/2/auh-0282.png,1160,1669,0.695027
img/auh.old/2/auh-0283.png,1160,1669,0.695027
img/auh.old/2/auh-0284.png,1169,1669,0.700419
img/auh.old/2/auh-0285.png,1168,1669,0.69982
img/auh.old/2/auh-0286.png,1167,1670,0.698802
img/auh.old/2/auh-0287.png,1166,1670,0.698204
img/auh.old/2/auh-0288.png,1169,1669,0.700419
img/auh.old/2/auh-0289.png,1169,1669,0.700419
img/auh.old/2/auh-0290.png,1162,1671,0.695392
img/auh.old/2/auh-0291.png,1162,1670,0.695808
img/auh.old/2/auh-0292.png,1166,1670,0.698204
img/auh.old/2/auh-0293.png,1166,1670,0.698204
img/auh.old/2/auh-0294.png,1166,1670,0.698204
img/auh.old/2/auh-0295.png,1166,1670,0.698204
img/auh.old/2/auh-0296.png,1162,1670,0.695808
img/auh.old/2/auh-0297.png,1163,1670,0.696407
img/auh.old/2/auh-0298.png,1166,1671,0.697786
img/auh.old/2/auh-0299.png,1166,1670,0.698204
img/auh.old/3/auh-0300.png,1160,1669,0.695027
img/auh.old/3/auh-0301.png,1160,1669,0.695027
img/auh.old/3/auh-0302.png,1158,1670,0.693413
img/auh.old/3/auh-0303.png,1158,1669,0.693829
img/auh.old/3/auh-0304.png,1159,1669,0.694428
img/auh.old/3/auh-0305.png,1159,1669,0.694428
img/auh.old/3/auh-0306.png,1158,1669,0.693829
img/auh.old/3/auh-0307.png,1158,1669,0.693829
img/auh.old/3/auh-0308.png,1162,1670,0.695808
img/auh.old/3/auh-0309.png,1162,1670,0.695808
img/auh.old/3/auh-0310.png,1166,1670,0.698204
img/auh.old/3/auh-0311.png,1166,1670,0.698204
img/auh.old/3/auh-0312.png,1164,1669,0.697424
img/auh.old/3/auh-0313.png,1164,1669,0.697424
img/auh.old/3/auh-0314.png,1163,1671,0.69599
img/auh.old/3/auh-0315.png,1164,1671,0.696589
img/auh.old/3/auh-0316.png,1169,1671,0.699581
img/auh.old/3/auh-0317.png,1167,1670,0.698802
img/auh.old/3/auh-0318.png,1160,1669,0.695027
img/auh.old/3/auh-0319.png,1159,1669,0.694428
img/auh.old/3/auh-0320.png,1163,1669,0.696824
img/auh.old/3/auh-0321.png,1164,1669,0.697424
img/auh.old/3/auh-0322.png,1166,1669,0.698622
img/auh.old/3/auh-0323.png,1166,1669,0.698622
img/auh.old/3/auh-0324.png,1172,1669,0.702217
img/auh.old/3/auh-0325.png,1172,1669,0.702217
img/auh.old/3/auh-0326.png,1173,1671,0.701975
img/auh.old/3/auh-0327.png,1172,1670,0.701796
img/auh.old/3/auh-0328.png,1171,1672,0.700359
img/auh.old/3/auh-0329.png,1171,1670,0.701198
img/auh.old/3/auh-0330.png,1170,1671,0.70018
img/auh.old/3/auh-0331.png,1171,1670,0.701198
img/auh.old/3/auh-0332.png,1174,1673,0.701733
img/auh.old/3/auh-0333.png,1174,1671,0.702573
img/auh.old/3/auh-0334.png,1172,1672,0.700957
img/auh.old/3/auh-0335.png,1172,1670,0.701796
img/auh.old/3/auh-0336.png,1170,1672,0.699761
img/auh.old/3/auh-0337.png,1170,1671,0.70018
img/auh.old/3/auh-0338.png,1174,1670,0.702994
img/auh.old/3/auh-0339.png,1173,1669,0.702816
img/auh.old/3/auh-0340.png,1170,1670,0.700599
img/auh.old/3/auh-0341.png,1170,1669,0.701019
img/auh.old/3/auh-0342.png,1169,1671,0.699581
img/auh.old/3/auh-0343.png,1170,1671,0.70018
img/auh.old/3/auh-0344.png,1167,1669,0.699221
img/auh.old/3/auh-0345.png,1167,1669,0.699221
img/auh.old/3/auh-0346.png,1169,1670,0.7
img/auh.old/3/auh-0347.png,1171,1670,0.701198
img/auh.old/3/auh-0348.png,1169,1670,0.7
img/auh.old/3/auh-0349.png,1168,1670,0.699401
img/auh.old/3/auh-0350.png,1162,1670,0.695808
img/auh.old/3/auh-0351.png,1162,1669,0.696225
img/auh.old/3/auh-0352.png,1171,1672,0.700359
img/auh.old/3/auh-0353.png,1170,1670,0.700599
img/auh.old/3/auh-0354.png,1167,1669,0.699221
img/auh.old/3/auh-0355.png,1167,1668,0.69964
img/auh.old/3/auh-0356.png,1170,1670,0.700599
img/auh.old/3/auh-0357.png,1170,1669,0.701019
img/auh.old/3/auh-0358.png,1172,1669,0.702217
img/auh.old/3/auh-0359.png,1170,1669,0.701019
img/auh.old/3/auh-0360.png,1175,1669,0.704014
img/auh.old/3/auh-0361.png,1174,1669,0.703415
img/auh.old/3/auh-0362.png,1170,1670,0.700599
img/auh.old/3/auh-0363.png,1172,1669,0.702217
img/auh.old/3/auh-0364.png,1170,1672,0.699761
img/auh.old/3/auh-0365.png,1170,1672,0.699761
img/auh.old/3/auh-0366.png,1168,1669,0.69982
img/auh.old/3/auh-0367.png,1168,1669,0.69982
img/auh.old/3/auh-0368.png,1166,1673,0.696952
img/auh.old/3/auh-0369.png,1167,1673,0.697549
img/auh.old/3/auh-0370.png,1166,1669,0.698622
img/auh.old/3/auh-0371.png,1167,1669,0.699221
img/auh.old/3/auh-0372.png,1170,1669,0.701019
img/auh.old/3/auh-0373.png,1171,1669,0.701618
img/auh.old/3/auh-0374.png,1164,1669,0.697424
img/auh.old/3/auh-0375.png,1164,1669,0.697424
img/auh.old/3/auh-0376.png,1159,1669,0.694428
img/auh.old/3/auh-0377.png,1160,1669,0.695027
img/auh.old/3/auh-0378.png,1157,1670,0.692814
img/auh.old/3/auh-0379.png,1156,1669,0.69263
img/auh.old/3/auh-0380.png,1158,1670,0.693413
img/auh.old/3/auh-0381.png,1158,1670,0.693413
img/auh.old/3/auh-0382.png,1159,1670,0.694012
img/auh.old/3/auh-0383.png,1157,1670,0.692814
img/auh.old/3/auh-0384.png,1170,1669,0.701019
img/auh.old/3/auh-0385.png,1171,1669,0.701618
img/auh.old/3/auh-0386.png,1173,1669,0.702816
img/auh.old/3/auh-0387.png,1174,1668,0.703837
img/auh.old/3/auh-0388.png,1177,1670,0.70479
img/auh.old/3/auh-0389.png,1177,1671,0.704369
img/auh.old/3/auh-0390.png,1174,1669,0.703415
img/auh.old/3/auh-0391.png,1174,1669,0.703415
img/auh.old/3/auh-0392.png,1172,1671,0.701376
img/auh.old/3/auh-0393.png,1174,1670,0.702994
img/auh.old/3/auh-0394.png,1175,1670,0.703593
img/auh.old/3/auh-0395.png,1175,1671,0.703172
img/auh.old/3/auh-0396.png,1174,1670,0.702994
img/auh.old/3/auh-0397.png,1174,1669,0.703415
img/auh.old/3/auh-0398.png,1174,1670,0.702994
img/auh.old/3/auh-0399.png,1173,1671,0.701975
img/auh.old/4/auh-0400.png,1178,1669,0.705812
img/auh.old/4/auh-0401.png,1177,1670,0.70479
img/auh.old/4/auh-0402.png,1170,1671,0.70018
img/auh.old/4/auh-0403.png,1169,1669,0.700419
img/auh.old/4/auh-0404.png,1174,1671,0.702573
img/auh.old/4/auh-0405.png,1173,1670,0.702395
img/auh.old/4/auh-0406.png,1163,1669,0.696824
img/auh.old/4/auh-0407.png,1164,1669,0.697424
img/auh.old/4/auh-0408.png,1170,1671,0.70018
img/auh.old/4/auh-0409.png,1171,1670,0.701198
img/auh.old/4/auh-0410.png,1166,1670,0.698204
img/auh.old/4/auh-0411.png,1166,1669,0.698622
img/auh.old/4/auh-0412.png,1174,1670,0.702994
img/auh.old/4/auh-0413.png,1175,1669,0.704014
img/auh.old/4/auh-0414.png,1172,1670,0.701796
img/auh.old/4/auh-0415.png,1173,1669,0.702816
img/auh.old/4/auh-0416.png,1168,1671,0.698983
img/auh.old/4/auh-0417.png,1168,1671,0.698983
img/auh.old/4/auh-0418.png,1170,1671,0.70018
img/auh.old/4/auh-0419.png,1170,1671,0.70018
img/auh.old/4/auh-0420.png,1156,1670,0.692216
img/auh.old/4/auh-0421.png,1157,1669,0.693229
img/auh.old/4/auh-0422.png,1169,1671,0.699581
img/auh.old/4/auh-0423.png,1170,1671,0.70018
img/auh.old/4/auh-0424.png,1162,1670,0.695808
img/auh.old/4/auh-0425.png,1162,1670,0.695808
img/auh.old/4/auh-0426.png,1161,1669,0.695626
img/auh.old/4/auh-0427.png,1161,1669,0.695626
img/auh.old/4/auh-0428.png,1156,1669,0.69263
img/auh.old/4/auh-0429.png,1157,1669,0.693229
img/auh.old/4/auh-0430.png,1158,1670,0.693413
img/auh.old/4/auh-0431.png,1158,1669,0.693829
img/auh.old/4/auh-0432.png,1158,1669,0.693829
img/auh.old/4/auh-0433.png,1157,1669,0.693229
img/auh.old/4/auh-0434.png,1169,1671,0.699581
img/auh.old/4/auh-0435.png,1170,1671,0.70018
img/auh.old/4/auh-0436.png,1157,1670,0.692814
img/auh.old/4/auh-0437.png,1158,1669,0.693829
img/auh.old/4/auh-0438.png,1157,1669,0.693229
img/auh.old/4/auh-0439.png,1157,1669,0.693229
img/auh.old/4/auh-0440.png,1156,1669,0.69263
img/auh.old/4/auh-0441.png,1157,1669,0.693229
img/auh.old/4/auh-0442.png,1170,1671,0.70018
img/auh.old/4/auh-0443.png,1170,1670,0.700599
img/auh.old/4/auh-0444.png,1167,1669,0.699221
img/auh.old/4/auh-0445.png,1169,1669,0.700419
img/auh.old/4/auh-0446.png,1157,1670,0.692814
img/auh.old/4/auh-0447.png,1159,1670,0.694012
img/auh.old/4/auh-0448.png,1169,1669,0.700419
img/auh.old/4/auh-0449.png,1168,1669,0.69982
img/auh.old/4/auh-0450.png,1172,1670,0.701796
img/auh.old/4/auh-0451.png,1171,1670,0.701198
img/auh.old/4/auh-0452.png,1170,1671,0.70018
img/auh.old/4/auh-0453.png,1170,1670,0.700599
img/auh.old/4/auh-0454.png,1163,1669,0.696824
img/auh.old/4/auh-0455.png,1162,1669,0.696225
img/auh.old/4/auh-0456.png,1170,1671,0.70018
img/auh.old/4/auh-0457.png,1169,1670,0.7
img/auh.old/4/auh-0458.png,1167,1669,0.699221
img/auh.old/4/auh-0459.png,1168,1669,0.69982
img/auh.old/4/auh-0460.png,1170,1672,0.699761
img/auh.old/4/auh-0461.png,1170,1673,0.699342
img/auh.old/4/auh-0462.png,1158,1669,0.693829
img/auh.old/4/auh-0463.png,1159,1669,0.694428
img/auh.old/4/auh-0464.png,1157,1669,0.693229
img/auh.old/4/auh-0465.png,1157,1669,0.693229
img/auh.old/4/auh-0466.png,1166,1671,0.697786
img/auh.old/4/auh-0467.png,1166,1671,0.697786
img/auh.old/4/auh-0468.png,1163,1669,0.696824
img/auh.old/4/auh-0469.png,1164,1669,0.697424
img/auh.old/4/auh-0470.png,1166,1669,0.698622
img/auh.old/4/auh-0471.png,1166,1669,0.698622
img/auh.old/4/auh-0472.png,1157,1669,0.693229
img/auh.old/4/auh-0473.png,1157,1669,0.693229
img/auh.old/4/auh-0474.png,1170,1670,0.700599
img/auh.old/4/auh-0475.png,1173,1669,0.702816
img/auh.old/4/auh-0476.png,1162,1669,0.696225
img/auh.old/4/auh-0477.png,1163,1669,0.696824
img/auh.old/4/auh-0478.png,1157,1669,0.693229
img/auh.old/4/auh-0479.png,1157,1669,0.693229
img/auh.old/4/auh-0480.png,1158,1668,0.694245
img/auh.old/4/auh-0481.png,1157,1668,0.693645
img/auh.old/4/auh-0482.png,1158,1669,0.693829
img/auh.old/4/auh-0483.png,1158,1669,0.693829
img/auh.old/4/auh-0484.png,1155,1669,0.692031
img/auh.old/4/auh-0485.png,1157,1669,0.693229
img/auh.old/4/auh-0486.png,1169,1671,0.699581
img/auh.old/4/auh-0487.png,1169,1670,0.7
img/auh.old/4/auh-0488.png,1160,1670,0.694611
img/auh.old/4/auh-0489.png,1157,1670,0.692814
img/auh.old/4/auh-0490.png,1158,1669,0.693829
img/auh.old/4/auh-0491.png,1157,1669,0.693229
img/auh.old/4/auh-0492.png,1160,1671,0.694195
img/auh.old/4/auh-0493.png,1161,1670,0.69521
img/auh.old/4/auh-0494.png,1157,1670,0.692814
img/auh.old/4/auh-0495.png,1157,1670,0.692814
img/auh.old/4/auh-0496.png,1159,1670,0.694012
img/auh.old/4/auh-0497.png,1157,1669,0.693229
img/auh.old/4/auh-0498.png,1158,1670,0.693413
img/auh.old/4/auh-0499.png,1157,1670,0.692814
img/auh.old/5/auh-0500.png,1157,1670,0.692814
img/auh.old/5/auh-0501.png,1157,1669,0.693229
img/auh.old/5/auh-0502.png,1157,1669,0.693229
img/auh.old/5/auh-0503.png,1156,1669,0.69263
img/auh.old/5/auh-0504.png,1166,1670,0.698204
img/auh.old/5/auh-0505.png,1167,1670,0.698802
img/auh.old/5/auh-0506.png,1163,1669,0.696824
img/auh.old/5/auh-0507.png,1164,1669,0.697424
img/auh.old/5/auh-0508.png,1166,1669,0.698622
img/auh.old/5/auh-0509.png,1166,1669,0.698622
img/auh.old/5/auh-0510.png,1164,1671,0.696589
img/auh.old/5/auh-0511.png,1165,1671,0.697187
img/auh.old/5/auh-0512.png,1155,1670,0.691617
img/auh.old/5/auh-0513.png,1156,1670,0.692216
img/auh.old/5/auh-0514.png,1159,1670,0.694012
img/auh.old/5/auh-0515.png,1159,1670,0.694012
img/auh.old/5/auh-0516.png,1159,1670,0.694012
img/auh.old/5/auh-0517.png,1157,1670,0.692814
img/auh.old/5/auh-0518.png,1157,1669,0.693229
img/auh.old/5/auh-0519.png,1157,1669,0.693229
img/auh.old/5/auh-0520.png,1157,1670,0.692814
img/auh.old/5/auh-0521.png,1157,1670,0.692814
img/auh.old/5/auh-0522.png,1161,1669,0.695626
img/auh.old/5/auh-0523.png,1160,1669,0.695027
img/auh.old/5/auh-0524.png,1156,1670,0.692216
img/auh.old/5/auh-0525.png,1157,1669,0.693229
img/auh.old/5/auh-0526.png,1158,1670,0.693413
img/auh.old/5/auh-0527.png,1155,1669,0.692031
img/auh.old/5/auh-0528.png,1166,1669,0.698622
img/auh.old/5/auh-0529.png,1166,1669,0.698622
img/auh.old/5/auh-0530.png,1176,1672,0.703349
img/auh.old/5/auh-0531.png,1175,1671,0.703172
img/auh.old/5/auh-0532.png,1173,1672,0.701555
img/auh.old/5/auh-0533.png,1174,1671,0.702573
img/auh.old/5/auh-0534.png,1172,1669,0.702217
img/auh.old/5/auh-0535.png,1171,1669,0.701618
img/auh.old/5/auh-0536.png,1165,1671,0.697187
img/auh.old/5/auh-0537.png,1166,1671,0.697786
img/auh.old/5/auh-0538.png,1174,1670,0.702994
img/auh.old/5/auh-0539.png,1174,1669,0.703415
img/auh.old/5/auh-0540.png,1174,1669,0.703415
img/auh.old/5/auh-0541.png,1173,1669,0.702816
img/auh.old/5/auh-0542.png,1170,1670,0.700599
img/auh.old/5/auh-0543.png,1169,1671,0.699581
img/auh.old/5/auh-0544.png,1180,1675,0.704478
img/auh.old/5/auh-0545.png,1175,1677,0.700656
img/auh.old/5/auh-0546.png,1174,1670,0.702994
img/auh.old/5/auh-0547.png,1174,1670,0.702994
img/auh.old/5/auh-0548.png,1171,1672,0.700359
img/auh.old/5/auh-0549.png,1171,1671,0.700778
img/auh.old/5/auh-0550.png,1171,1670,0.701198
img/auh.old/5/auh-0551.png,1170,1669,0.701019
img/auh.old/5/auh-0552.png,1169,1669,0.700419
img/auh.old/5/auh-0553.png,1168,1670,0.699401
img/auh.old/5/auh-0554.png,1169,1667,0.70126
img/auh.old/5/auh-0555.png,1169,1668,0.700839
img/auh.old/5/auh-0556.png,1173,1666,0.704082
img/auh.old/5/auh-0557.png,1169,1666,0.701681
img/auh.old/5/auh-0558.png,1168,1668,0.70024
img/auh.old/5/auh-0559.png,1168,1666,0.70108
img/auh.old/5/auh-0560.png,1169,1665,0.702102
img/auh.old/5/auh-0561.png,1169,1665,0.702102
img/auh.old/5/auh-0562.png,1170,1666,0.702281
img/auh.old/5/auh-0563.png,1169,1665,0.702102
img/auh.old/5/auh-0564.png,1170,1668,0.701439
img/auh.old/5/auh-0565.png,1168,1666,0.70108
img/auh.old/5/auh-0566.png,1172,1666,0.703481
img/auh.old/5/auh-0567.png,1168,1666,0.70108
img/auh.old/5/auh-0568.png,1170,1667,0.70186
img/auh.old/5/auh-0569.png,1169,1665,0.702102
img/auh.old/5/auh-0570.png,1171,1668,0.702038
img/auh.old/5/auh-0571.png,1170,1667,0.70186
img/auh.old/5/auh-0572.png,1172,1666,0.703481
img/auh.old/5/auh-0573.png,1169,1666,0.701681
img/auh.old/5/auh-0574.png,1169,1668,0.700839
img/auh.old/5/auh-0575.png,1169,1665,0.702102
img/auh.old/5/auh-0576.png,1169,1669,0.700419
img/auh.old/5/auh-0577.png,1169,1667,0.70126
img/auh.old/5/auh-0578.png,1169,1666,0.701681
img/auh.old/5/auh-0579.png,1169,1666,0.701681
img/auh.old/5/auh-0580.png,1172,1667,0.703059
img/auh.old/5/auh-0581.png,1168,1667,0.70066
img/auh.old/5/auh-0582.png,1169,1668,0.700839
img/auh.old/5/auh-0583.png,1167,1665,0.700901
img/auh.old/5/auh-0584.png,1173,1666,0.704082
img/auh.old/5/auh-0585.png,1168,1665,0.701502
img/auh.old/5/auh-0586.png,1168,1668,0.70024
img/auh.old/5/auh-0587.png,1166,1666,0.69988
img/auh.old/5/auh-0588.png,1167,1666,0.70048
img/auh.old/5/auh-0589.png,1166,1665,0.7003
img/auh.old/5/auh-0590.png,1168,1668,0.70024
img/auh.old/5/auh-0591.png,1167,1666,0.70048
img/auh.old/5/auh-0592.png,1169,1668,0.700839
img/auh.old/5/auh-0593.png,1168,1666,0.70108
img/auh.old/5/auh-0594.png,1171,1666,0.702881
img/auh.old/5/auh-0595.png,1168,1666,0.70108
img/auh.old/5/auh-0596.png,1169,1667,0.70126
img/auh.old/5/auh-0597.png,1167,1667,0.70006
img/auh.old/5/auh-0598.png,1168,1666,0.70108
img/auh.old/5/auh-0599.png,1167,1666,0.70048
img/auh.old/6/auh-0600.png,1168,1667,0.70066
img/auh.old/6/auh-0601.png,1167,1665,0.700901
img/auh.old/6/auh-0602.png,1169,1667,0.70126
img/auh.old/6/auh-0603.png,1168,1666,0.70108
img/auh.old/6/auh-0604.png,1169,1668,0.700839
img/auh.old/6/auh-0605.png,1167,1666,0.70048
img/auh.old/6/auh-0606.png,1169,1667,0.70126
img/auh.old/6/auh-0607.png,1168,1666,0.70108
img/auh.old/6/auh-0608.png,1169,1667,0.70126
img/auh.old/6/auh-0609.png,1168,1665,0.701502
img/auh.old/6/auh-0610.png,1167,1668,0.69964
img/auh.old/6/auh-0611.png,1167,1667,0.70006
img/auh.old/6/auh-0612.png,1172,1667,0.703059
img/auh.old/6/auh-0613.png,1168,1667,0.70066
img/auh.old/6/auh-0614.png,1169,1668,0.700839
img/auh.old/6/auh-0615.png,1168,1667,0.70066
img/auh.old/6/auh-0616.png,1167,1667,0.70006
img/auh.old/6/auh-0617.png,1167,1665,0.700901
img/auh.old/6/auh-0618.png,1168,1668,0.70024
img/auh.old/6/auh-0619.png,1168,1667,0.70066
img/auh.old/6/auh-0620.png,1169,1668,0.700839
img/auh.old/6/auh-0621.png,1169,1667,0.70126
img/auh.old/6/auh-0622.png,1168,1668,0.70024
img/auh.old/6/auh-0623.png,1167,1667,0.70006
img/auh.old/6/auh-0624.png,1170,1666,0.702281
img/auh.old/6/auh-0625.png,1169,1666,0.701681
img/auh.old/6/auh-0626.png,1167,1668,0.69964
img/auh.old/6/auh-0627.png,1167,1666,0.70048
img/auh.old/6/auh-0628.png,1170,1666,0.702281
img/auh.old/6/auh-0629.png,1169,1666,0.701681
img/auh.old/6/auh-0630.png,1168,1665,0.701502
img/auh.old/6/auh-0631.png,1169,1665,0.702102
img/auh.old/6/auh-0632.png,1168,1668,0.70024
img/auh.old/6/auh-0633.png,1168,1667,0.70066
img/auh.old/6/auh-0634.png,1168,1668,0.70024
img/auh.old/6/auh-0635.png,1167,1668,0.69964
img/auh.old/6/auh-0636.png,1169,1665,0.702102
img/auh.old/6/auh-0637.png,1168,1665,0.701502
img/auh.old/6/auh-0638.png,1168,1668,0.70024
img/auh.old/6/auh-0639.png,1168,1667,0.70066
img/auh.old/6/auh-0640.png,1168,1667,0.70066
img/auh.old/6/auh-0641.png,1169,1667,0.70126
img/auh.old/6/auh-0642.png,1168,1667,0.70066
img/auh.old/6/auh-0643.png,1167,1667,0.70006
img/auh.old/6/auh-0644.png,1167,1668,0.69964
img/auh.old/6/auh-0645.png,1168,1667,0.70066
img/auh.old/6/auh-0646.png,1168,1667,0.70066
img/auh.old/6/auh-0647.png,1168,1667,0.70066
img/auh.old/6/auh-0648.png,1169,1668,0.700839
img/auh.old/6/auh-0649.png,1167,1667,0.70006
img/auh.old/6/auh-0650.png,1175,1668,0.704436
img/auh.old/6/auh-0651.png,1173,1668,0.703237
img/auh.old/6/auh-0652.png,1172,1668,0.702638
img/auh.old/6/auh-0653.png,1171,1668,0.702038
img/auh.old/6/auh-0654.png,1167,1667,0.70006
img/auh.old/6/auh-0655.png,1168,1666,0.70108
img/auh.old/6/auh-0656.png,1169,1667,0.70126
img/auh.old/6/auh-0657.png,1169,1667,0.70126
img/auh.old/6/auh-0658.png,1167,1668,0.69964
img/auh.old/6/auh-0659.png,1168,1668,0.70024
img/auh.old/6/auh-0660.png,1167,1668,0.69964
img/auh.old/6/auh-0661.png,1167,1667,0.70006
img/auh.old/6/auh-0662.png,1168,1666,0.70108
img/auh.old/6/auh-0663.png,1167,1666,0.70048
img/auh.old/6/auh-0664.png,1168,1668,0.70024
img/auh.old/6/auh-0665.png,1168,1667,0.70066
img/auh.old/6/auh-0666.png,1169,1667,0.70126
img/auh.old/6/auh-0667.png,1169,1667,0.70126
img/auh.old/6/auh-0668.png,1166,1668,0.699041
img/auh.old/6/auh-0669.png,1167,1667,0.70006
img/auh.old/6/auh-0670.png,1166,1667,0.69946
img/auh.old/6/auh-0671.png,1166,1665,0.7003
img/auh.old/6/auh-0672.png,1168,1668,0.70024
img/auh.old/6/auh-0673.png,1166,1668,0.699041
img/auh.old/6/auh-0674.png,1168,1669,0.69982
img/auh.old/6/auh-0675.png,1166,1668,0.699041
img/auh.old/6/auh-0676.png,1166,1668,0.699041
img/auh.old/6/auh-0677.png,1166,1667,0.69946
img/auh.old/6/auh-0678.png,1167,1668,0.69964
img/auh.old/6/auh-0679.png,1167,1667,0.70006
img/auh.old/6/auh-0680.png,1169,1666,0.701681
img/auh.old/6/auh-0681.png,1169,1666,0.701681
img/auh.old/6/auh-0682.png,1169,1669,0.700419
img/auh.old/6/auh-0683.png,1169,1669,0.700419
img/auh.old/6/auh-0684.png,1169,1667,0.70126
img/auh.old/6/auh-0685.png,1168,1666,0.70108
img/auh.old/6/auh-0686.png,1167,1667,0.70006
img/auh.old/6/auh-0687.png,1166,1666,0.69988
img/auh.old/6/auh-0688.png,1169,1667,0.70126
img/auh.old/6/auh-0689.png,1169,1667,0.70126
img/auh.old/6/auh-0690.png,1168,1669,0.69982
img/auh.old/6/auh-0691.png,1168,1669,0.69982
img/auh.old/6/auh-0692.png,1169,1669,0.700419
img/auh.old/6/auh-0693.png,1168,1669,0.69982
img/auh.old/6/auh-0694.png,1169,1667,0.70126
img/auh.old/6/auh-0695.png,1169,1667,0.70126
img/auh.old/6/auh-0696.png,1170,1669,0.701019
img/auh.old/6/auh-0697.png,1169,1669,0.700419
img/auh.old/6/auh-0698.png,1167,1669,0.699221
img/auh.old/6/auh-0699.png,1168,1668,0.70024
img/auh.old/7/auh-0700.png,1169,1666,0.701681
img/auh.old/7/auh-0701.png,1168,1666,0.70108
img/auh.old/7/auh-0702.png,1167,1667,0.70006
img/auh.old/7/auh-0703.png,1169,1667,0.70126
img/auh.old/7/auh-0704.png,1173,1669,0.702816
img/auh.old/7/auh-0705.png,1170,1669,0.701019
img/auh.old/7/auh-0706.png,1169,1667,0.70126
img/auh.old/7/auh-0707.png,1169,1667,0.70126
img/auh.old/7/auh-0708.png,1170,1668,0.701439
img/auh.old/7/auh-0709.png,1170,1668,0.701439
img/auh.old/7/auh-0710.png,1170,1669,0.701019
img/auh.old/7/auh-0711.png,1170,1669,0.701019
img/auh.old/7/auh-0712.png,1170,1668,0.701439
img/auh.old/7/auh-0713.png,1170,1668,0.701439
img/auh.old/7/auh-0714.png,1169,1669,0.700419
img/auh.old/7/auh-0715.png,1169,1669,0.700419
img/auh.old/7/auh-0716.png,1169,1669,0.700419
img/auh.old/7/auh-0717.png,1169,1669,0.700419
img/auh.old/7/auh-0718.png,1171,1667,0.70246
img/auh.old/7/auh-0719.png,1170,1667,0.70186
img/auh.old/7/auh-0720.png,1173,1669,0.702816
img/auh.old/7/auh-0721.png,1169,1669,0.700419
img/auh.old/7/auh-0722.png,1169,1670,0.7
img/auh.old/7/auh-0723.png,1170,1670,0.700599
img/auh.old/7/auh-0724.png,1170,1669,0.701019
img/auh.old/7/auh-0725.png,1169,1669,0.700419
img/auh.old/7/auh-0726.png,1168,1669,0.69982
img/auh.old/7/auh-0727.png,1168,1668,0.70024
img/auh.old/7/auh-0728.png,1168,1668,0.70024
img/auh.old/7/auh-0729.png,1168,1668,0.70024
img/auh.old/7/auh-0730.png,1169,1669,0.700419
img/auh.old/7/auh-0731.png,1168,1668,0.70024
img/auh.old/7/auh-0732.png,1169,1669,0.700419
img/auh.old/7/auh-0733.png,1168,1668,0.70024
img/auh.old/7/auh-0734.png,1168,1669,0.69982
img/auh.old/7/auh-0735.png,1168,1668,0.70024
img/auh.old/7/auh-0736.png,1168,1668,0.70024
img/auh.old/7/auh-0737.png,1170,1668,0.701439
img/auh.old/7/auh-0738.png,1167,1668,0.69964
img/auh.old/7/auh-0739.png,1168,1668,0.70024
img/auh.old/7/auh-0740.png,1168,1668,0.70024
img/auh.old/7/auh-0741.png,1168,1668,0.70024
img/auh.old/7/auh-0742.png,1166,1669,0.698622
img/auh.old/7/auh-0743.png,1167,1667,0.70006
img/auh.old/7/auh-0744.png,1168,1668,0.70024
img/auh.old/7/auh-0745.png,1168,1668,0.70024
img/auh.old/7/auh-0746.png,1168,1669,0.69982
img/auh.old/7/auh-0747.png,1170,1669,0.701019
img/auh.old/7/auh-0748.png,1170,1669,0.701019
img/auh.old/7/auh-0749.png,1168,1668,0.70024
img/auh.old/7/auh-0750.png,1169,1669,0.700419
img/auh.old/7/auh-0751.png,1168,1669,0.69982
img/auh.old/7/auh-0752.png,1169,1667,0.70126
img/auh.old/7/auh-0753.png,1169,1667,0.70126
img/auh.old/7/auh-0754.png,1168,1669,0.69982
img/auh.old/7/auh-0755.png,1168,1668,0.70024
img/auh.old/7/auh-0756.png,1168,1668,0.70024
img/auh.old/7/auh-0757.png,1168,1667,0.70066
img/auh.old/7/auh-0758.png,1167,1668,0.69964
img/auh.old/7/auh-0759.png,1168,1668,0.70024
img/auh.old/7/auh-0760.png,1171,1667,0.70246
img/auh.old/7/auh-0761.png,1168,1666,0.70108
img/auh.old/7/auh-0762.png,1167,1668,0.69964
img/auh.old/7/auh-0763.png,1168,1667,0.70066
img/auh.old/7/auh-0764.png,1171,1667,0.70246
img/auh.old/7/auh-0765.png,1167,1667,0.70006
img/auh.old/7/auh-0766.png,1168,1669,0.69982
img/auh.old/7/auh-0767.png,1167,1667,0.70006
img/auh.old/7/auh-0768.png,1166,1668,0.699041
img/auh.old/7/auh-0769.png,1167,1668,0.69964
img/auh.old/7/auh-0770.png,1166,1669,0.698622
img/auh.old/7/auh-0771.png,1166,1667,0.69946
img/auh.old/7/auh-0772.png,1169,1669,0.700419
img/auh.old/7/auh-0773.png,1168,1668,0.70024
img/auh.old/7/auh-0774.png,1171,1666,0.702881
img/auh.old/7/auh-0775.png,1171,1665,0.703303
img/auh.old/7/auh-0776.png,1172,1666,0.703481
img/auh.old/7/auh-0777.png,1171,1666,0.702881
img/auh.old/7/auh-0778.png,1175,1667,0.704859
img/auh.old/7/auh-0779.png,1174,1667,0.704259
img/auh.old/7/auh-0780.png,1173,1666,0.704082
img/auh.old/7/auh-0781.png,1171,1666,0.702881
img/auh.old/7/auh-0782.png,1170,1668,0.701439
img/auh.old/7/auh-0783.png,1170,1667,0.70186
img/auh.old/7/auh-0784.png,1173,1667,0.703659
img/auh.old/7/auh-0785.png,1172,1667,0.703059
img/auh.old/7/auh-0786.png,1167,1666,0.70048
img/auh.old/7/auh-0787.png,1168,1665,0.701502
img/auh.old/7/auh-0788.png,1169,1667,0.70126
img/auh.old/7/auh-0789.png,1169,1667,0.70126
img/auh.old/7/auh-0790.png,1169,1665,0.702102
img/auh.old/7/auh-0791.png,1169,1665,0.702102
img/auh.old/7/auh-0792.png,1172,1666,0.703481
img/auh.old/7/auh-0793.png,1170,1666,0.702281
img/auh.old/7/auh-0794.png,1169,1666,0.701681
img/auh.old/7/auh-0795.png,1169,1665,0.702102
img/auh.old/7/auh-0796.png,1169,1667,0.70126
img/auh.old/7/auh-0797.png,1169,1667,0.70126
img/auh.old/7/auh-0798.png,1169,1664,0.702524
img/auh.old/7/auh-0799.png,1169,1664,0.702524
img/auh.old/8/auh-0800.png,1171,1667,0.70246
img/auh.old/8/auh-0801.png,1170,1667,0.70186
img/auh.old/8/auh-0802.png,1169,1668,0.700839
img/auh.old/8/auh-0803.png,1169,1667,0.70126
img/auh.old/8/auh-0804.png,1170,1667,0.70186
img/auh.old/8/auh-0805.png,1169,1667,0.70126
img/auh.old/8/auh-0806.png,1168,1666,0.70108
img/auh.old/8/auh-0807.png,1169,1666,0.701681
img/auh.old/8/auh-0808.png,1170,1667,0.70186
img/auh.old/8/auh-0809.png,1170,1665,0.702703
img/auh.old/8/auh-0810.png,1170,1668,0.701439
img/auh.old/8/auh-0811.png,1169,1667,0.70126
img/auh.old/8/auh-0812.png,1169,1667,0.70126
img/auh.old/8/auh-0813.png,1169,1666,0.701681
img/auh.old/8/auh-0814.png,1171,1666,0.702881
img/auh.old/8/auh-0815.png,1170,1666,0.702281
img/auh.old/8/auh-0816.png,1171,1667,0.70246
img/auh.old/8/auh-0817.png,1169,1666,0.701681
img/auh.old/8/auh-0818.png,1170,1664,0.703125
img/auh.old/8/auh-0819.png,1169,1664,0.702524
img/auh.old/8/auh-0820.png,1170,1665,0.702703
img/auh.old/8/auh-0821.png,1169,1665,0.702102
img/auh.old/8/auh-0822.png,1167,1667,0.70006
img/auh.old/8/auh-0823.png,1167,1665,0.700901
img/auh.old/8/auh-0824.png,1170,1666,0.702281
img/auh.old/8/auh-0825.png,1168,1666,0.70108
img/auh.old/8/auh-0826.png,1168,1668,0.70024
img/auh.old/8/auh-0827.png,1168,1666,0.70108
img/auh.old/8/auh-0828.png,1169,1667,0.70126
img/auh.old/8/auh-0829.png,1168,1666,0.70108
img/auh.old/8/auh-0830.png,1167,1667,0.70006
img/auh.old/8/auh-0831.png,1168,1664,0.701923
img/auh.old/8/auh-0832.png,1168,1667,0.70066
img/auh.old/8/auh-0833.png,1168,1666,0.70108
img/auh.old/8/auh-0834.png,1167,1667,0.70006
img/auh.old/8/auh-0835.png,1168,1665,0.701502
img/auh.old/8/auh-0836.png,1167,1666,0.70048
img/auh.old/8/auh-0837.png,1168,1666,0.70108
img/auh.old/8/auh-0838.png,1168,1666,0.70108
img/auh.old/8/auh-0839.png,1168,1665,0.701502
img/auh.old/8/auh-0840.png,1169,1666,0.701681
img/auh.old/8/auh-0841.png,1169,1665,0.702102
img/auh.old/8/auh-0842.png,1169,1666,0.701681
img/auh.old/8/auh-0843.png,1169,1665,0.702102
img/auh.old/8/auh-0844.png,1173,1666,0.704082
img/auh.old/8/auh-0845.png,1169,1666,0.701681
img/auh.old/8/auh-0846.png,1169,1666,0.701681
img/auh.old/8/auh-0847.png,1169,1664,0.702524
img/auh.old/8/auh-0848.png,1169,1666,0.701681
img/auh.old/8/auh-0849.png,1169,1664,0.702524
img/auh.old/8/auh-0850.png,1168,1668,0.70024
img/auh.old/8/auh-0851.png,1168,1668,0.70024
img/auh.old/8/auh-0852.png,1169,1667,0.70126
img/auh.old/8/auh-0853.png,1168,1666,0.70108
img/auh.old/8/auh-0854.png,1167,1666,0.70048
img/auh.old/8/auh-0855.png,1169,1666,0.701681
img/auh.old/8/auh-0856.png,1169,1665,0.702102
img/auh.old/8/auh-0857.png,1168,1665,0.701502
img/auh.old/8/auh-0858.png,1168,1665,0.701502
img/auh.old/8/auh-0859.png,1168,1665,0.701502
img/auh.old/8/auh-0860.png,1168,1665,0.701502
img/auh.old/8/auh-0861.png,1169,1665,0.702102
img/auh.old/8/auh-0862.png,1166,1665,0.7003
img/auh.old/8/auh-0863.png,1165,1665,0.6997
img/auh.old/8/auh-0864.png,1166,1668,0.699041
img/auh.old/8/auh-0865.png,1166,1666,0.69988
img/auh.old/8/auh-0866.png,1166,1666,0.69988
img/auh.old/8/auh-0867.png,1168,1666,0.70108
img/auh.old/8/auh-0868.png,1166,1666,0.69988
img/auh.old/8/auh-0869.png,1169,1666,0.701681
img/auh.old/8/auh-0870.png,1166,1666,0.69988
img/auh.old/8/auh-0871.png,1167,1666,0.70048
img/auh.old/8/auh-0872.png,1169,1665,0.702102
img/auh.old/8/auh-0873.png,1167,1664,0.701322
img/auh.old/8/auh-0874.png,1168,1665,0.701502
img/auh.old/8/auh-0875.png,1167,1665,0.700901
img/auh.old/8/auh-0876.png,1168,1665,0.701502
img/auh.old/8/auh-0877.png,1168,1665,0.701502
img/auh.old/8/auh-0878.png,1167,1665,0.700901
img/auh.old/8/auh-0879.png,1167,1665,0.700901
img/auh.old/8/auh-0880.png,1168,1667,0.70066
img/auh.old/8/auh-0881.png,1169,1667,0.70126
img/auh.old/8/auh-0882.png,1168,1667,0.70066
img/auh.old/8/auh-0883.png,1168,1667,0.70066
img/auh.old/8/auh-0884.png,1167,1665,0.700901
img/auh.old/8/auh-0885.png,1168,1665,0.701502
img/auh.old/8/auh-0886.png,1167,1664,0.701322
img/auh.old/8/auh-0887.png,1168,1664,0.701923
img/auh.old/8/auh-0888.png,1168,1665,0.701502
img/auh.old/8/auh-0889.png,1168,1665,0.701502
img/auh.old/8/auh-0890.png,1168,1665,0.701502
img/auh.old/8/auh-0891.png,1168,1665,0.701502
img/auh.old/8/auh-0892.png,1168,1664,0.701923
img/auh.old/8/auh-0893.png,1168,1664,0.701923
img/auh.old/8/auh-0894.png,1170,1663,0.703548
img/auh.old/8/auh-0895.png,1167,1663,0.701744
img/auh.old/8/auh-0896.png,1168,1665,0.701502
img/auh.old/8/auh-0897.png,1168,1664,0.701923
img/auh.old/8/auh-0898.png,1167,1666,0.70048
img/auh.old/8/auh-0899.png,1168,1666,0.70108
img/auh.old/9/auh-0900.png,1168,1664,0.701923
img/auh.old/9/auh-0901.png,1168,1664,0.701923
img/auh.old/9/auh-0902.png,1168,1665,0.701502
img/auh.old/9/auh-0903.png,1165,1665,0.6997
img/auh.old/9/auh-0904.png,1166,1664,0.700721
img/auh.old/9/auh-0905.png,1167,1663,0.701744
img/auh.old/9/auh-0906.png,1164,1663,0.69994
img/auh.old/9/auh-0907.png,1165,1663,0.700541
img/auh.old/9/auh-0908.png,1166,1665,0.7003
img/auh.old/9/auh-0909.png,1167,1664,0.701322
img/auh.old/9/auh-0910.png,1167,1665,0.700901
img/auh.old/9/auh-0911.png,1167,1664,0.701322
img/auh.old/9/auh-0912.png,1167,1665,0.700901
img/auh.old/9/auh-0913.png,1167,1665,0.700901
img/auh.old/9/auh-0914.png,1167,1665,0.700901
img/auh.old/9/auh-0915.png,1165,1665,0.6997
img/auh.old/9/auh-0916.png,1171,1665,0.703303
img/auh.old/9/auh-0917.png,1170,1664,0.703125
img/auh.old/9/auh-0918.png,1167,1665,0.700901
img/auh.old/9/auh-0919.png,1166,1665,0.7003
img/auh.old/9/auh-0920.png,1170,1663,0.703548
img/auh.old/9/auh-0921.png,1168,1663,0.702345
img/auh.old/9/auh-0922.png,1168,1666,0.70108
img/auh.old/9/auh-0923.png,1168,1665,0.701502
img/auh.old/9/auh-0924.png,1170,1664,0.703125
img/auh.old/9/auh-0925.png,1168,1664,0.701923
img/auh.old/9/auh-0926.png,1168,1667,0.70066
img/auh.old/9/auh-0927.png,1168,1666,0.70108
img/auh.old/9/auh-0928.png,1170,1665,0.702703
img/auh.old/9/auh-0929.png,1168,1665,0.701502
img/auh.old/9/auh-0930.png,1169,1667,0.70126
img/auh.old/9/auh-0931.png,1168,1667,0.70066
img/auh.old/9/auh-0932.png,1168,1667,0.70066
img/auh.old/9/auh-0933.png,1170,1668,0.701439
img/auh.old/9/auh-0934.png,1168,1666,0.70108
img/auh.old/9/auh-0935.png,1167,1666,0.70048
img/auh.old/9/auh-0936.png,1164,1667,0.69826
img/auh.old/9/auh-0937.png,1165,1667,0.69886
img/auh.old/9/auh-0938.png,1166,1667,0.69946
img/auh.old/9/auh-0939.png,1165,1666,0.69928
img/auh.old/9/auh-0940.png,1168,1667,0.70066
img/auh.old/9/auh-0941.png,1166,1666,0.69988
img/auh.old/9/auh-0942.png,1169,1668,0.700839
img/auh.old/9/auh-0943.png,1168,1667,0.70066
img/auh.old/9/auh-0944.png,1169,1668,0.700839
img/auh.old/9/auh-0945.png,1167,1667,0.70006
img/auh.old/9/auh-0946.png,1168,1666,0.70108
img/auh.old/9/auh-0947.png,1166,1665,0.7003
img/auh.old/9/auh-0948.png,1168,1667,0.70066
img/auh.old/9/auh-0949.png,1166,1666,0.69988
img/auh.old/9/auh-0950.png,1169,1668,0.700839
img/auh.old/9/auh-0951.png,1166,1667,0.69946
img/auh.old/9/auh-0952.png,1168,1668,0.70024
img/auh.old/9/auh-0953.png,1167,1668,0.69964
img/auh.old/9/auh-0954.png,1168,1668,0.70024
img/auh.old/9/auh-0955.png,1168,1667,0.70066
img/auh.old/9/auh-0956.png,1169,1669,0.700419
img/auh.old/9/auh-0957.png,1168,1668,0.70024
img/auh.old/9/auh-0958.png,1170,1669,0.701019
img/auh.old/9/auh-0959.png,1168,1668,0.70024
img/auh.old/9/auh-0960.png,1171,1668,0.702038
img/auh.old/9/auh-0961.png,1168,1668,0.70024
img/auh.old/9/auh-0962.png,1171,1669,0.701618
img/auh.old/9/auh-0963.png,1170,1668,0.701439
img/auh.old/9/auh-0964.png,1173,1669,0.702816
img/auh.old/9/auh-0965.png,1171,1668,0.702038
img/auh.old/9/auh-0966.png,1171,1668,0.702038
img/auh.old/9/auh-0967.png,1169,1668,0.700839
img/auh.old/9/auh-0968.png,1172,1669,0.702217
img/auh.old/9/auh-0969.png,1170,1669,0.701019
img/auh.old/9/auh-0970.png,1169,1669,0.700419
img/auh.old/9/auh-0971.png,1169,1669,0.700419
img/auh.old/9/auh-0972.png,1170,1671,0.70018
img/auh.old/9/auh-0973.png,1170,1670,0.700599
img/auh.old/9/auh-0974.png,1170,1669,0.701019
img/auh.old/9/auh-0975.png,1169,1669,0.700419
img/auh.old/9/auh-0976.png,1169,1671,0.699581
img/auh.old/9/auh-0977.png,1169,1671,0.699581
img/auh.old/9/auh-0978.png,1171,1671,0.700778
img/auh.old/9/auh-0979.png,1169,1671,0.699581
img/auh.old/9/auh-0980.png,1171,1671,0.700778
img/auh.old/9/auh-0981.png,1169,1671,0.699581
img/auh.old/9/auh-0982.png,1170,1671,0.70018
img/auh.old/9/auh-0983.png,1169,1671,0.699581
img/auh.old/9/auh-0984.png,1170,1672,0.699761
img/auh.old/9/auh-0985.png,1169,1672,0.699163
img/auh.old/9/auh-0986.png,1171,1671,0.700778
img/auh.old/9/auh-0987.png,1171,1669,0.701618
img/auh.old/9/auh-0988.png,1169,1669,0.700419
img/auh.old/9/auh-0989.png,1172,1671,0.701376
img/auh.old/9/auh-0990.png,1179,1672,0.705144
img/auh.old/9/auh-0991.png,1176,1669,0.704614
img/auh.old/9/auh-0992.png,1175,1669,0.704014
img/auh.old/9/auh-0993.png,1172,1669,0.702217
img/auh.old/9/auh-0994.png,1175,1670,0.703593
img/auh.old/9/auh-0995.png,1173,1670,0.702395
img/auh.old/9/auh-0996.png,1177,1669,0.705213
img/auh.old/9/auh-0997.png,1173,1670,0.702395
img/auh.old/9/auh-0998.png,1174,1669,0.703415
img/auh.old/9/auh-0999.png,1171,1669,0.701618
